course_id,course_type,year,enrollment_count,pre_score,post_score,pre_requirement,department
1,classroom,2018,165,28.14,73,Beginner,Science
2,classroom,2020,175,79.68,86,None,Science
3,online,2016,257,57.24,80,NA,Mathematics
4,online,2013,251,97.67,75,Beginner,Technology
5,classroom,2019,165,39.75,76,Beginner,Science
6,online,2014,246,50.1,76,Beginner,Math
7,online,2021,241,87.83,84,Beginner,Science
8,online,2018,261,76.48,88,None,Technology
9,online,2019,261,83.97,87,None,Technology
10,classroom,2016,180,83.53,79,Beginner,Engineering
11,classroom,2022,180,9.84,74,Beginner,Engineering
12,classroom,2011,170,71.47,85,Intermediate,Engineering
13,online,2016,246,78.25,81,Beginner,Math
14,online,2016,257,53.78,76,None,Math
15,online,2011,257,56.05,70,None,Mathematics
16,online,2013,256,-,86,None,Mathematics
17,online,2016,256,80.58,87,NA,Mathematics
18,online,2018,231,85.69,76,Intermediate,Science
19,online,2016,246,59.69,65,Beginner,Mathematics
20,classroom,2022,181,63.62,81,Beginner,Engineering
21,classroom,2014,180,78.45,NA,None,Mathematics
22,classroom,2014,180,91.4,76,None,Math
23,online,2015,236,-,72,Intermediate,Mathematics
24,online,2012,261,89.09,77,None,Technology
25,online,2013,261,22.11,79,None,Technology
26,online,2020,256,21.05,74,None,Math
27,online,2014,251,-,80,None,Science
28,online,2016,251,-,83,None,Science
29,online,2019,246,38.34,67,Beginner,Math
30,classroom,2022,185,21.34,70,None,Technology
31,online,2017,257,27.44,74,None,Mathematics
32,online,2013,261,-,96,None,Technology
33,online,2015,251,59.97,82,Beginner,Technology
34,online,2020,247,16.98,NA,Beginner,Math
35,online,2021,231,4.66,65,Intermediate,Science
36,online,2011,256,67.08,94,None,Math
37,classroom,2019,155,67.34,86,Intermediate,Science
38,classroom,2022,155,62.01,77,Intermediate,Science
39,classroom,2016,165,42.83,70,Beginner,Science
40,classroom,2012,160,3.92,66,Intermediate,Math
41,classroom,2015,165,13.65,NA,Beginner,Science
42,online,2015,251,45.95,75,None,Science
43,classroom,2012,185,90.2,82,None,Technology
44,online,2018,241,20.84,66,Beginner,Science
45,online,2019,256,69.77,80,None,Math
46,online,2016,261,97.51,91,None,Technology
47,online,2020,251,38.22,63,Beginner,Technology
48,online,2015,261,36.87,84,None,Technology
49,classroom,2022,165,80.47,84,Beginner,Science
50,online,2022,251,55.08,77,Beginner,Technology
51,online,2019,256,23.72,76,None,Math
52,online,2019,261,7.74,61,None,Technology
53,online,2016,231,-,78,Intermediate,Science
54,classroom,2018,161,55.15,83,Intermediate,Math
55,online,2021,261,3.81,62,None,Technology
56,online,2022,246,17.11,87,Beginner,Mathematics
57,online,2022,261,84.52,90,None,Technology
58,online,2014,231,36.21,67,Intermediate,Science
59,online,2018,231,68.71,69,Intermediate,Science
60,classroom,2013,180,89.19,79,Beginner,Engineering
61,classroom,2015,155,60.52,76,Intermediate,Science
62,online,2013,256,41.69,NA,None,Math
63,online,2022,256,76.16,72,None,Mathematics
64,classroom,2022,155,77.62,75,Intermediate,Science
65,online,2013,251,27.69,84,None,Science
66,online,2022,251,77.07,86,NA,Science
67,online,2019,231,34.05,70,Intermediate,Science
68,online,2018,266,77.7,81,None,Engineering
69,classroom,2019,180,44.94,72,Beginner,Engineering
70,online,2020,256,87.46,76,None,Math
71,online,2021,251,74.23,78,Beginner,Technology
72,online,2012,251,11.29,67,Beginner,Technology
73,classroom,2014,180,23.66,60,Beginner,Engineering
74,online,2022,261,56.69,71,None,Technology
75,online,2018,237,76.73,69,Intermediate,Math
76,online,2015,251,51.05,75,None,Science
77,online,2019,261,7.98,66,None,Technology
78,online,2019,251,75.03,86,Beginner,Technology
79,online,2015,261,18.93,70,NA,Technology
80,online,2014,261,93.66,82,None,Technology
81,classroom,2014,170,-,80,Intermediate,Engineering
82,online,2011,256,90.85,90,None,Mathematics
83,online,2013,261,90.58,86,None,Technology
84,online,2021,231,36.4,86,Intermediate,Science
85,online,2016,261,-,80,None,Technology
86,online,2014,261,10.24,69,None,Technology
87,classroom,2014,175,95.23,87,Beginner,Technology
88,online,2017,261,25.46,66,None,Technology
89,online,2021,261,35.34,73,None,Technology
90,online,2015,256,-,77,Beginner,Engineering
91,online,2015,242,31.87,79,Beginner,Science
92,online,2012,251,26.09,61,Beginner,Technology
93,online,2022,246,78,95,Beginner,Math
94,online,2019,256,39.1,82,None,Mathematics
95,online,2020,261,29.21,NA,None,Technology
96,online,2017,251,56.88,81,Beginner,Technology
97,online,2019,255,96.56,87,None,Math
98,online,2012,261,75.63,68,None,Technology
99,online,2017,261,17.19,76,NA,Technology
100,online,2015,251,64.62,81,None,Science
101,online,2012,251,6.72,66,Beginner,Technology
102,online,2016,261,-,80,None,Technology
103,online,2015,251,11.57,54,Beginner,Technology
104,online,2022,261,59.3,68,None,Technology
105,online,2012,251,27.29,80,None,Science
106,online,2018,261,17.73,80,None,Technology
107,classroom,2017,180,24.15,62,Beginner,Engineering
108,online,2018,256,15.73,61,None,Mathematics
109,online,2014,261,47.81,NA,None,Technology
110,online,2012,261,32.84,67,None,Technology
111,classroom,2014,155,11.16,71,Intermediate,Science
112,online,2021,261,7.18,64,None,Technology
113,classroom,2015,155,58.69,67,Intermediate,Science
114,online,2013,256,38.07,67,None,Math
115,online,2021,256,73.97,79,None,Math
116,online,2015,251,59.28,65,Beginner,Technology
117,online,2018,257,36.29,68,None,Math
118,online,2014,251,52.87,71,Beginner,Technology
119,online,2011,245,4.16,68,Beginner,Math
120,online,2021,231,40.25,NA,Intermediate,Science
121,online,2019,242,80.84,68,Beginner,Science
122,online,2011,261,77.28,81,None,Technology
123,classroom,2019,160,78.65,76,Intermediate,Mathematics
124,online,2011,261,35.64,82,None,Technology
125,online,2014,261,-,NA,None,Technology
126,online,2019,261,69.94,66,NA,Technology
127,online,2018,246,98.31,105,Beginner,Math
128,online,2012,248,3.95,66,Beginner,Math
129,online,2020,261,43.98,73,None,Technology
130,online,2016,251,50.72,79,Beginner,Technology
131,online,2014,241,57.27,69,Intermediate,Technology
132,online,2011,241,60.41,72,Beginner,Science
133,online,2021,261,68.73,79,None,Technology
134,online,2012,261,55.49,61,NA,Technology
135,online,2020,261,13.79,NA,None,Technology
136,online,2021,261,13.12,76,None,Technology
137,online,2021,261,18.6,72,None,Technology
138,online,2014,246,16.48,NA,Intermediate,Engineering
139,online,2021,251,-,87,Beginner,Technology
140,online,2013,242,76.42,80,Beginner,Science
141,online,2015,251,39.4,71,Beginner,Technology
142,online,2021,256,71.51,77,None,Mathematics
143,online,2012,251,34.91,71,None,Science
144,online,2017,261,16.82,74,NA,Technology
145,online,2011,266,-,90,None,Engineering
146,online,2012,241,54.95,NA,Beginner,Science
147,online,2015,255,62.23,84,None,Mathematics
148,online,2012,256,94.58,67,Beginner,Engineering
149,online,2022,261,2.46,62,None,Technology
150,online,2012,237,22.58,66,Intermediate,Mathematics
151,online,2017,261,36.63,74,None,Technology
152,classroom,2014,170,80.41,87,Intermediate,Engineering
153,online,2019,256,28.36,57,None,Mathematics
154,classroom,2021,170,99.57,88,Intermediate,Engineering
155,online,2012,241,31.35,72,Intermediate,Technology
156,online,2020,241,67.87,71,Beginner,Science
157,online,2013,251,40.74,79,None,Science
158,online,2021,241,97.19,98,Beginner,Science
159,online,2015,251,86.67,87,Beginner,Technology
160,classroom,2014,165,51.92,86,Intermediate,Technology
161,online,2018,252,7.6,72,None,Science
162,online,2018,261,51.09,77,None,Technology
163,classroom,2014,185,6.58,79,None,Technology
164,online,2012,251,84,80,None,Science
165,online,2014,231,26.58,61,Intermediate,Science
166,online,2022,261,61.94,73,None,Technology
167,online,2017,261,14.29,NA,None,Technology
168,online,2012,251,31.73,83,Beginner,Technology
169,online,2016,251,1.02,63,None,Science
170,classroom,2011,170,-,NA,Intermediate,Engineering
171,online,2015,261,41,75,None,Technology
172,online,2021,261,56.39,87,None,Technology
173,online,2018,251,66.94,79,Beginner,Technology
174,classroom,2022,155,74.53,84,Intermediate,Science
175,online,2014,238,78.57,71,Intermediate,Mathematics
176,online,2019,255,83.94,81,None,Mathematics
177,online,2012,261,31.21,84,None,Technology
178,online,2020,261,17.32,63,None,Technology
179,online,2016,251,47.02,NA,Beginner,Technology
180,online,2012,251,5.81,63,Beginner,Technology
181,online,2016,246,9.06,61,Beginner,Mathematics
182,classroom,2016,181,25.75,67,None,Mathematics
183,online,2019,241,2.97,55,Beginner,Science
184,classroom,2013,165,46.38,77,Beginner,Science
185,online,2012,231,44.69,86,Intermediate,Science
186,online,2016,251,6.99,65,Beginner,Technology
187,classroom,2022,180,87.34,69,Beginner,Engineering
188,online,2018,256,29.8,56,None,Math
189,online,2017,241,20.21,65,Beginner,Science
190,online,2019,236,70.82,66,Intermediate,Mathematics
191,online,2011,261,42.31,90,None,Technology
192,online,2018,261,-,80,None,Technology
193,online,2019,261,1.09,65,None,Technology
194,online,2014,256,-,NA,Beginner,Engineering
195,online,2017,261,91.82,78,None,Technology
196,online,2012,251,96.72,82,None,Science
197,online,2014,251,51.16,75,Beginner,Technology
198,online,2013,261,78.96,NA,None,Technology
199,online,2021,236,90,74,Intermediate,Math
200,online,2016,241,47.29,66,Intermediate,Technology
201,classroom,2017,165,65.37,67,Beginner,Science
202,online,2014,232,61.82,62,Intermediate,Science
203,online,2021,256,23.35,81,None,Math
204,online,2015,256,38.49,79,None,Math
205,online,2019,251,36.73,68,None,Science
206,classroom,2018,175,-,64,Beginner,Technology
207,online,2022,246,4.52,67,Beginner,Math
208,classroom,2012,170,49.15,59,Intermediate,Engineering
209,online,2020,246,83.43,84,Beginner,Math
210,online,2019,266,64.79,82,None,Engineering
211,online,2022,241,94.52,69,Beginner,Science
212,classroom,2013,165,36.14,NA,Intermediate,Technology
213,classroom,2019,165,24.94,83,Intermediate,Technology
214,online,2017,241,4.84,NA,Beginner,Science
215,online,2020,251,28.66,62,Beginner,Technology
216,online,2015,251,88.86,98,Beginner,Technology
217,online,2021,246,65.02,69,Beginner,Math
218,classroom,2020,175,58.52,75,None,Science
219,classroom,2017,180,3.41,73,None,Math
220,online,2018,251,54.76,81,NA,Science
221,online,2019,246,51.88,80,Beginner,Mathematics
222,online,2012,256,1.75,NA,None,Mathematics
223,online,2021,235,53.47,66,Intermediate,Math
224,online,2022,251,31.58,70,Beginner,Technology
225,classroom,2013,180,67.83,78,None,Mathematics
226,online,2014,246,53.82,73,Intermediate,Engineering
227,online,2019,261,33.06,60,None,Technology
228,online,2013,251,6.56,80,Beginner,Technology
229,online,2018,261,92.51,84,None,Technology
230,classroom,2015,181,-,69,None,Math
231,online,2011,261,90.85,77,None,Technology
232,online,2015,256,75.17,78,None,Math
233,online,2011,261,94.31,85,None,Technology
234,online,2019,241,8.31,70,Intermediate,Technology
235,online,2016,251,23.13,75,Beginner,Technology
236,online,2018,261,-,69,None,Technology
237,online,2011,261,85.19,80,None,Technology
238,online,2013,261,59.28,79,None,Technology
239,online,2012,246,45.69,75,Beginner,Mathematics
240,online,2018,241,53.57,68,Beginner,Science
241,classroom,2014,185,76.63,NA,None,Technology
242,online,2012,261,35.91,70,None,Technology
243,classroom,2017,170,1.96,NA,Intermediate,Engineering
244,online,2013,251,39.42,73,None,Science
245,online,2016,261,80.64,81,NA,Technology
246,classroom,2019,165,12.37,71,Beginner,Science
247,online,2020,261,61.21,67,None,Technology
248,online,2017,261,71.15,80,None,Technology
249,classroom,2017,170,16.3,72,Beginner,Math
250,online,2020,251,9.39,68,Beginner,Technology
251,online,2018,241,3.45,64,Beginner,Science
252,online,2012,246,48.69,71,Intermediate,Engineering
253,online,2012,261,-,64,None,Technology
254,classroom,2017,170,61.31,69,Intermediate,Engineering
255,online,2013,241,53.59,80,Beginner,Science
256,online,2011,261,-,73,None,Technology
257,online,2022,241,58.35,80,Beginner,Science
258,online,2017,266,78.81,NA,None,Engineering
259,classroom,2011,171,37.26,70,Beginner,Math
260,online,2016,251,22.59,78,Beginner,Technology
261,online,2020,251,89.84,78,Beginner,Technology
262,classroom,2018,170,82.6,79,Beginner,Mathematics
263,classroom,2018,155,51.39,80,Intermediate,Science
264,classroom,2013,165,-,74,Intermediate,Technology
265,online,2016,241,83.1,69,Beginner,Science
266,online,2015,261,86.24,84,None,Technology
267,online,2021,261,91.77,80,None,Technology
268,online,2018,257,28.2,68,None,Mathematics
269,classroom,2016,175,35.37,67,Beginner,Technology
270,online,2016,241,33.55,64,Beginner,Science
271,classroom,2015,170,47.39,73,Intermediate,Engineering
272,online,2013,252,19.52,81,None,Science
273,online,2017,256,20.79,62,Beginner,Engineering
274,online,2015,251,25.82,67,NA,Science
275,online,2014,261,32.96,79,None,Technology
276,online,2011,251,36.58,69,Beginner,Technology
277,classroom,2011,175,-,75,None,Science
278,online,2016,261,27.99,64,None,Technology
279,online,2013,247,2.29,60,Beginner,Math
280,online,2012,246,55.33,73,Beginner,Math
281,online,2020,261,17.48,76,None,Technology
282,online,2012,256,48.48,77,None,Math
283,online,2019,252,69.27,74,None,Science
284,online,2021,256,23.23,67,Beginner,Engineering
285,online,2011,241,37.18,87,Beginner,Science
286,classroom,2016,165,59.96,84,Intermediate,Technology
287,online,2015,241,-,87,Beginner,Science
288,online,2018,261,16.37,NA,None,Technology
289,online,2015,256,81.73,75,None,Mathematics
290,online,2022,258,13.45,72,None,Mathematics
291,online,2020,261,33.44,72,None,Technology
292,online,2021,241,51.62,75,Beginner,Science
293,online,2016,251,22.99,75,Beginner,Technology
294,online,2017,261,-,82,None,Technology
295,online,2022,251,60.6,79,None,Science
296,online,2017,246,-,81,Beginner,Math
297,online,2021,255,14.36,65,None,Math
298,online,2019,246,33.8,78,Beginner,Mathematics
299,classroom,2015,180,31.76,76,Beginner,Engineering
300,online,2019,246,31.09,77,Intermediate,Engineering
301,online,2018,258,16.25,NA,None,Math
302,online,2019,251,56.12,77,None,Science
303,classroom,2019,170,69.87,67,Intermediate,Engineering
304,classroom,2019,170,8.08,64,Intermediate,Engineering
305,classroom,2011,185,2.35,75,NA,Technology
306,classroom,2011,165,64.19,69,Beginner,Science
307,online,2022,251,15.78,71,Beginner,Technology
308,online,2016,261,15.93,72,None,Technology
309,online,2018,247,52.59,66,Beginner,Mathematics
310,classroom,2018,155,39.19,78,Intermediate,Science
311,classroom,2020,155,96.31,82,Intermediate,Science
312,online,2014,246,45.11,69,Intermediate,Engineering
313,online,2017,241,53.07,66,Beginner,Science
314,online,2013,251,22.94,71,Beginner,Technology
315,online,2018,261,49.52,72,None,Technology
316,classroom,2022,170,22.65,NA,Intermediate,Engineering
317,online,2020,251,-,79,None,Science
318,online,2021,241,47.43,77,Beginner,Science
319,classroom,2013,170,22.43,75,Intermediate,Engineering
320,online,2015,261,46.45,72,None,Technology
321,online,2018,266,8.79,67,None,Engineering
322,classroom,2015,165,39.84,NA,Beginner,Science
323,online,2013,251,84.31,71,None,Science
324,classroom,2017,170,82.99,86,Beginner,Math
325,online,2018,246,21.97,61,Beginner,Math
326,online,2015,251,6.88,66,Beginner,Technology
327,online,2013,251,91.05,84,Beginner,Technology
328,classroom,2013,185,90.44,73,None,Technology
329,classroom,2014,175,42.38,82,None,Science
330,classroom,2019,165,56.17,82,Beginner,Science
331,online,2015,261,86.61,83,None,Technology
332,online,2016,256,57.41,73,None,Math
333,online,2019,231,29.71,80,Intermediate,Science
334,classroom,2014,170,79.87,82,Intermediate,Engineering
335,classroom,2011,175,-,81,None,Science
336,classroom,2017,165,20.4,62,Beginner,Science
337,online,2017,251,73.28,NA,Beginner,Technology
338,online,2011,236,21.21,67,Intermediate,Math
339,online,2019,256,34.68,63,None,Mathematics
340,online,2021,261,2.61,NA,None,Technology
341,online,2015,261,81.3,77,None,Technology
342,online,2011,241,51.83,77,Beginner,Science
343,classroom,2020,171,50.32,78,Beginner,Math
344,online,2015,241,33.36,76,Beginner,Science
345,online,2018,266,-,63,None,Engineering
346,online,2020,256,81.77,70,Beginner,Engineering
347,online,2022,236,33.27,84,Intermediate,Mathematics
348,classroom,2022,155,57.5,74,Intermediate,Science
349,online,2015,261,64.04,93,None,Technology
350,online,2012,251,82.16,79,None,Science
351,classroom,2021,170,48.62,81,Intermediate,Engineering
352,online,2018,261,29.25,67,NA,Technology
353,classroom,2016,180,85.56,NA,Beginner,Engineering
354,online,2021,261,8.67,51,NA,Technology
355,classroom,2016,180,20.98,72,Beginner,Engineering
356,online,2022,251,7.76,74,None,Science
357,online,2021,261,44.95,65,None,Technology
358,online,2013,261,91.91,85,NA,Technology
359,online,2018,261,14.33,71,None,Technology
360,classroom,2014,155,75.7,NA,Intermediate,Science
361,online,2021,256,41.51,71,None,Mathematics
362,online,2015,261,30.67,NA,None,Technology
363,online,2014,261,42.41,NA,NA,Technology
364,online,2013,241,68.29,79,Beginner,Science
365,online,2020,261,11.72,68,None,Technology
366,online,2013,246,47.32,68,Beginner,Math
367,online,2022,251,33.31,60,NA,Science
368,online,2012,246,26.2,59,Beginner,Mathematics
369,online,2014,241,41.81,NA,Intermediate,Technology
370,online,2021,261,83.33,95,None,Technology
371,online,2013,261,41.79,72,None,Technology
372,classroom,2019,155,28.03,73,Intermediate,Science
373,classroom,2013,155,97.07,NA,Intermediate,Science
374,online,2016,240,83.78,80,Beginner,Science
375,online,2012,232,17.16,74,Intermediate,Science
376,online,2014,241,10.54,65,Beginner,Science
377,classroom,2012,155,35.39,79,Intermediate,Science
378,online,2011,261,44.49,65,None,Technology
379,classroom,2021,160,58.43,63,Intermediate,Mathematics
380,classroom,2022,169,52.04,82,Beginner,Mathematics
381,classroom,2011,175,32.85,77,Beginner,Technology
382,online,2018,251,18.06,62,None,Science
383,online,2011,246,76.63,69,Intermediate,Engineering
384,online,2015,251,87.45,90,Beginner,Technology
385,online,2018,261,42.26,NA,None,Technology
386,online,2021,241,62.94,70,Beginner,Science
387,classroom,2013,170,38.6,81,Beginner,Mathematics
388,online,2017,251,12.59,69,Beginner,Technology
389,online,2017,256,14.08,75,None,Mathematics
390,online,2015,261,29.16,76,None,Technology
391,online,2016,261,6.99,62,None,Technology
392,online,2013,261,72.3,73,None,Technology
393,classroom,2020,170,98.6,87,Beginner,Math
394,classroom,2012,170,85.31,77,Intermediate,Engineering
395,online,2020,261,49.29,70,None,Technology
396,online,2012,256,12.58,78,Beginner,Engineering
397,online,2015,241,3.81,81,Beginner,Science
398,online,2012,261,83.66,NA,None,Technology
399,online,2019,236,66.56,76,Intermediate,Math
400,online,2017,256,37.07,NA,None,Mathematics
401,online,2015,256,61.75,79,None,Math
402,classroom,2015,175,9.14,70,Beginner,Technology
403,online,2012,251,53.74,68,NA,Science
404,classroom,2019,170,53.6,80,Intermediate,Engineering
405,classroom,2019,165,77.31,87,Intermediate,Technology
406,online,2018,256,68.97,NA,Beginner,Engineering
407,online,2022,251,72.84,71,Beginner,Technology
408,classroom,2020,190,84.96,71,None,Engineering
409,online,2012,261,49.43,77,None,Technology
410,online,2013,251,22.42,NA,Beginner,Technology
411,online,2017,251,-,71,None,Science
412,online,2015,255,11.76,73,None,Mathematics
413,online,2021,261,22.46,74,None,Technology
414,online,2015,256,42.34,65,Beginner,Engineering
415,online,2021,261,83.4,80,None,Technology
416,online,2014,256,93.6,86,None,Mathematics
417,online,2016,246,11.14,69,Beginner,Mathematics
418,online,2018,266,100,90,NA,Engineering
419,online,2013,256,94.5,83,Beginner,Engineering
420,classroom,2012,175,-,74,Beginner,Technology
421,classroom,2022,175,83.07,80,Beginner,Technology
422,classroom,2019,170,52.3,72,Intermediate,Engineering
423,online,2021,241,67.19,89,Intermediate,Technology
424,online,2021,256,28.66,68,NA,Math
425,online,2020,246,85.82,92,Beginner,Math
426,online,2020,232,42.22,76,Intermediate,Science
427,classroom,2021,175,-,84,None,Science
428,online,2011,256,40.16,82,None,Mathematics
429,online,2016,252,14.79,81,NA,Science
430,online,2021,261,49.78,79,None,Technology
431,online,2016,256,82.5,82,None,Math
432,online,2015,241,76.48,87,Beginner,Science
433,classroom,2011,155,20.68,NA,Intermediate,Science
434,online,2017,256,14.94,76,None,Math
435,online,2016,256,75.1,75,NA,Mathematics
436,online,2018,256,51.95,80,Beginner,Engineering
437,online,2016,251,71.87,76,Beginner,Technology
438,online,2013,261,58.09,88,None,Technology
439,online,2012,261,72.97,82,None,Technology
440,online,2013,241,18.43,72,Beginner,Science
441,online,2016,241,53.5,84,Beginner,Science
442,online,2012,261,43.35,70,NA,Technology
443,online,2013,261,54.2,79,None,Technology
444,classroom,2020,165,74.48,NA,Beginner,Science
445,classroom,2015,175,13.42,74,None,Science
446,online,2016,261,35.72,64,None,Technology
447,classroom,2011,170,-,71,Intermediate,Engineering
448,online,2020,255,35.67,79,None,Mathematics
449,online,2017,261,86.83,80,None,Technology
450,classroom,2011,180,30.58,72,Beginner,Engineering
451,online,2021,246,16.07,72,Intermediate,Engineering
452,online,2021,241,-,75,Intermediate,Technology
453,online,2021,251,28.46,66,None,Science
454,online,2019,241,5.63,66,Beginner,Science
455,classroom,2012,155,29.08,82,Intermediate,Science
456,classroom,2017,165,10.15,76,Beginner,Science
457,online,2014,256,14.17,78,None,Mathematics
458,online,2012,241,77.21,NA,Beginner,Science
459,online,2012,261,78.74,78,None,Technology
460,online,2020,246,7.03,66,Beginner,Math
461,online,2018,256,-,NA,None,Math
462,online,2013,267,30.05,70,None,Engineering
463,classroom,2022,180,69.69,79,Beginner,Engineering
464,online,2022,245,97.5,94,Beginner,Mathematics
465,online,2014,251,88.22,84,Beginner,Technology
466,online,2019,256,-,81,Beginner,Engineering
467,classroom,2014,165,17.26,63,Beginner,Science
468,online,2012,256,38.77,65,None,Mathematics
469,online,2020,241,50.16,77,Beginner,Science
470,online,2019,241,74.14,82,Beginner,Science
471,classroom,2012,170,73.21,79,Intermediate,Engineering
472,online,2012,247,41.34,80,Beginner,Math
473,classroom,2021,175,-,85,Beginner,Technology
474,online,2016,256,81.29,73,None,Math
475,online,2018,236,1.05,65,Intermediate,Math
476,classroom,2022,165,86.08,86,Beginner,Science
477,online,2022,251,87.13,NA,Beginner,Technology
478,classroom,2013,165,45.58,81,Beginner,Science
479,classroom,2022,156,23.12,69,Intermediate,Science
480,classroom,2015,165,58.59,75,Beginner,Science
481,online,2017,261,53.54,85,None,Technology
482,online,2021,251,70.14,NA,None,Science
483,online,2014,251,2.13,66,Beginner,Technology
484,classroom,2012,185,67.61,81,None,Technology
485,online,2021,256,87.01,81,NA,Math
486,classroom,2015,155,74.26,89,Intermediate,Science
487,online,2020,251,54.18,76,Beginner,Technology
488,online,2020,246,13.61,71,Intermediate,Engineering
489,online,2013,261,58.08,86,None,Technology
490,classroom,2012,170,18.47,66,Beginner,Mathematics
491,online,2022,261,6.22,61,None,Technology
492,online,2022,251,91.46,87,None,Science
493,online,2017,261,13.25,75,None,Technology
494,online,2019,236,94.71,67,Intermediate,Math
495,classroom,2014,170,98.54,80,Intermediate,Engineering
496,online,2013,246,97,NA,Intermediate,Engineering
497,online,2015,261,72.27,90,None,Technology
498,online,2017,261,83.82,NA,None,Technology
499,classroom,2017,170,50.41,70,Intermediate,Engineering
500,classroom,2021,180,86.26,94,Beginner,Engineering
501,classroom,2018,171,13.86,63,Beginner,Mathematics
502,classroom,2013,165,55.93,NA,Beginner,Science
503,classroom,2021,180,60.29,77,None,Mathematics
504,classroom,2022,165,76.31,83,Beginner,Science
505,online,2013,261,84.34,NA,None,Technology
506,online,2018,246,46.03,65,Beginner,Math
507,online,2022,261,86.85,90,None,Technology
508,online,2013,241,74.21,89,Beginner,Science
509,online,2012,237,68.18,77,Intermediate,Mathematics
510,online,2017,261,49.9,72,None,Technology
511,online,2019,261,58.3,89,None,Technology
512,online,2013,261,93.94,89,None,Technology
513,online,2013,246,98.1,NA,Beginner,Math
514,online,2011,256,96.46,82,Beginner,Engineering
515,online,2017,261,30.33,82,None,Technology
516,online,2020,256,56.05,71,None,Mathematics
517,classroom,2022,185,6.25,79,NA,Technology
518,online,2013,255,56.13,85,None,Math
519,online,2013,252,44.72,83,None,Science
520,online,2013,261,45.08,78,None,Technology
521,online,2015,251,62.58,86,Beginner,Technology
522,online,2020,261,53.62,73,None,Technology
523,online,2017,256,-,81,Beginner,Engineering
524,online,2018,251,20.82,69,Beginner,Technology
525,classroom,2013,170,75.26,76,Beginner,Math
526,online,2022,242,41.15,79,Beginner,Science
527,online,2015,236,53.1,58,Intermediate,Math
528,online,2014,261,87.15,80,None,Technology
529,online,2015,261,83.85,86,None,Technology
530,online,2016,256,31.74,NA,Beginner,Engineering
531,online,2018,261,43.56,67,None,Technology
532,online,2015,251,33.43,65,None,Science
533,classroom,2013,182,-,63,NA,Mathematics
534,online,2012,261,46.18,87,None,Technology
535,online,2013,246,35.57,NA,Beginner,Math
536,online,2015,261,62.36,73,None,Technology
537,classroom,2015,165,78.44,67,Beginner,Science
538,online,2017,261,56.31,66,None,Technology
539,online,2021,261,68.95,75,None,Technology
540,online,2018,261,47.17,79,None,Technology
541,classroom,2021,165,86.11,79,Intermediate,Technology
542,classroom,2012,175,79.79,59,Beginner,Technology
543,online,2019,251,-,72,Beginner,Technology
544,online,2021,246,30.76,71,Beginner,Mathematics
545,classroom,2016,165,40.1,72,Beginner,Science
546,online,2015,251,84.59,87,None,Science
547,classroom,2012,155,89.61,81,Intermediate,Science
548,classroom,2012,170,96.48,89,Beginner,Math
549,online,2013,261,80.22,78,None,Technology
550,classroom,2014,170,48.65,78,Beginner,Math
551,classroom,2014,170,94.76,87,Intermediate,Engineering
552,online,2015,266,69.16,80,None,Engineering
553,online,2021,261,92.64,90,None,Technology
554,online,2020,236,56.62,68,Intermediate,Mathematics
555,online,2020,261,-,66,NA,Technology
556,classroom,2012,185,-,75,None,Technology
557,online,2016,261,12.19,67,None,Technology
558,online,2021,261,21.56,72,None,Technology
559,online,2022,261,-,78,NA,Technology
560,online,2013,251,11.5,70,None,Science
561,online,2014,251,51.95,77,Beginner,Technology
562,online,2020,256,85.96,94,Beginner,Engineering
563,online,2018,261,52.36,71,None,Technology
564,classroom,2020,155,86.65,71,Intermediate,Science
565,online,2019,246,16.66,70,Beginner,Math
566,classroom,2021,180,77.78,66,None,Math
567,classroom,2016,170,3.33,57,Intermediate,Engineering
568,online,2015,246,33.48,NA,Intermediate,Engineering
569,classroom,2020,180,74.87,NA,Beginner,Engineering
570,online,2022,261,89.43,81,None,Technology
571,online,2016,261,3.13,70,None,Technology
572,online,2019,261,51.44,83,None,Technology
573,classroom,2018,175,67.21,67,Beginner,Technology
574,online,2012,256,-,96,Beginner,Engineering
575,online,2016,241,81.01,NA,Beginner,Science
576,classroom,2011,175,86.13,82,None,Science
577,online,2016,251,50.19,78,Beginner,Technology
578,online,2011,251,47.62,74,None,Science
579,online,2022,251,17.71,NA,Beginner,Technology
580,online,2021,261,5.35,60,None,Technology
581,classroom,2020,170,74.46,NA,Intermediate,Engineering
582,classroom,2014,180,-,83,Beginner,Engineering
583,online,2019,251,-,89,Beginner,Technology
584,online,2012,261,79.12,74,None,Technology
585,online,2018,255,98.67,87,None,Math
586,online,2016,261,70.04,NA,None,Technology
587,online,2017,261,79.2,70,None,Technology
588,online,2020,231,56.18,76,Intermediate,Science
589,online,2011,241,52.92,80,Beginner,Science
590,classroom,2011,155,21.59,75,Intermediate,Science
591,online,2016,256,-,86,Beginner,Engineering
592,online,2016,256,42.03,73,None,Mathematics
593,classroom,2019,170,93.71,86,Beginner,Mathematics
594,classroom,2014,181,41.84,76,None,Mathematics
595,online,2014,245,38.06,73,Beginner,Math
596,online,2022,261,2.56,63,None,Technology
597,online,2021,246,9.4,69,Beginner,Math
598,online,2021,251,44.47,76,Beginner,Technology
599,online,2022,261,62.97,86,None,Technology
600,online,2013,251,87.66,80,None,Science
601,online,2015,261,95.33,83,None,Technology
602,online,2020,236,12.65,69,Intermediate,Mathematics
603,classroom,2020,170,8.56,68,Beginner,Math
604,online,2019,251,18.44,NA,None,Science
605,classroom,2013,180,7.67,59,Beginner,Engineering
606,online,2012,261,89.33,81,None,Technology
607,online,2022,261,77.42,66,None,Technology
608,online,2018,251,7.54,84,Beginner,Technology
609,classroom,2012,165,19.48,NA,Beginner,Science
610,online,2015,241,49.45,NA,Intermediate,Technology
611,classroom,2012,175,23.85,74,None,Science
612,online,2011,251,88.8,NA,Beginner,Technology
613,classroom,2017,175,75.93,84,None,Science
614,online,2011,261,3.96,70,NA,Technology
615,online,2012,256,70.69,76,None,Mathematics
616,online,2019,241,67.47,NA,Beginner,Science
617,online,2017,231,8.23,63,Intermediate,Science
618,online,2022,261,-,78,None,Technology
619,online,2014,261,18.42,NA,None,Technology
620,online,2016,261,55.93,75,None,Technology
621,online,2021,266,33.47,74,None,Engineering
622,online,2018,256,13.76,70,NA,Mathematics
623,classroom,2020,175,80.1,80,None,Science
624,online,2019,257,48.89,86,None,Math
625,online,2015,251,88.17,84,Beginner,Technology
626,online,2013,246,2.36,57,Intermediate,Engineering
627,online,2015,261,-,80,None,Technology
628,classroom,2022,170,58.26,73,Beginner,Math
629,online,2011,241,96.38,98,Beginner,Science
630,classroom,2015,160,87.49,78,Intermediate,Mathematics
631,online,2021,261,45.16,NA,None,Technology
632,online,2012,241,27.94,NA,Beginner,Science
633,classroom,2014,180,35.19,79,None,Mathematics
634,online,2011,261,71.84,73,None,Technology
635,online,2021,251,15,72,Beginner,Technology
636,online,2012,251,54.81,81,Beginner,Technology
637,online,2012,256,23.34,62,Beginner,Engineering
638,online,2014,256,85.43,86,Beginner,Engineering
639,online,2019,236,18.34,66,Intermediate,Mathematics
640,classroom,2017,170,32.51,74,Beginner,Mathematics
641,online,2015,261,88.97,83,None,Technology
642,online,2013,231,92.7,94,Intermediate,Science
643,classroom,2012,185,40.47,60,None,Technology
644,online,2012,261,26.28,72,None,Technology
645,online,2022,246,59.37,76,Beginner,Math
646,classroom,2015,170,81.04,85,Intermediate,Engineering
647,classroom,2020,175,88.98,86,Beginner,Technology
648,online,2019,251,72.24,74,None,Science
649,online,2012,261,85.69,88,None,Technology
650,online,2011,248,27.76,70,Beginner,Math
651,online,2022,251,59.55,74,Beginner,Technology
652,classroom,2018,165,44.2,72,Intermediate,Technology
653,classroom,2011,170,43.72,72,Intermediate,Engineering
654,online,2022,261,-,78,None,Technology
655,online,2018,261,-,80,None,Technology
656,classroom,2011,170,28.36,65,Intermediate,Engineering
657,online,2017,251,36.16,76,Beginner,Technology
658,online,2021,261,46.33,NA,None,Technology
659,classroom,2014,180,9.18,NA,Beginner,Engineering
660,online,2022,246,19.5,NA,Intermediate,Engineering
661,classroom,2020,175,32.47,76,Beginner,Technology
662,online,2013,256,86.15,79,None,Math
663,online,2019,256,58.23,70,NA,Math
664,online,2012,251,41.6,74,None,Science
665,online,2017,256,42.74,71,None,Math
666,online,2021,246,30.19,84,Beginner,Mathematics
667,online,2020,246,45.44,71,Beginner,Math
668,online,2014,261,7.64,78,None,Technology
669,classroom,2016,165,74.2,78,Intermediate,Technology
670,online,2017,261,91.57,89,None,Technology
671,online,2022,261,80.02,NA,NA,Technology
672,online,2019,256,33.27,70,None,Math
673,classroom,2020,180,14.55,69,Beginner,Engineering
674,online,2015,258,55.02,78,None,Mathematics
675,classroom,2011,171,54.58,73,Beginner,Math
676,classroom,2021,171,31.53,73,Intermediate,Engineering
677,classroom,2019,190,87.24,76,None,Engineering
678,online,2011,246,63.34,71,Intermediate,Engineering
679,online,2020,261,26.75,69,NA,Technology
680,classroom,2019,165,20.34,NA,Beginner,Science
681,classroom,2013,155,58.98,83,Intermediate,Science
682,classroom,2019,180,88.74,67,Beginner,Engineering
683,online,2020,246,13.14,72,Beginner,Math
684,classroom,2015,180,23.66,72,None,Math
685,online,2015,252,62.73,77,None,Science
686,classroom,2015,169,-,86,Beginner,Mathematics
687,classroom,2019,176,-,85,None,Science
688,online,2011,236,4.78,68,Intermediate,Mathematics
689,online,2021,251,38.36,75,Beginner,Technology
690,online,2016,256,75.74,76,None,Math
691,online,2020,261,46.9,76,None,Technology
692,online,2013,251,32.15,80,None,Science
693,classroom,2021,165,29.36,73,Beginner,Science
694,online,2016,251,69.04,97,Beginner,Technology
695,classroom,2018,155,6.16,NA,Intermediate,Science
696,online,2011,251,72.14,81,Beginner,Technology
697,online,2019,246,8.81,NA,Beginner,Math
698,online,2016,261,49.44,NA,None,Technology
699,online,2015,261,69.26,67,None,Technology
700,online,2011,246,5.96,67,Intermediate,Engineering
701,online,2012,257,44.38,80,None,Math
702,classroom,2012,165,6.39,79,Beginner,Science
703,classroom,2022,185,-,81,None,Technology
704,classroom,2018,180,21.61,69,Beginner,Engineering
705,online,2021,261,71.85,87,None,Technology
706,classroom,2015,175,-,73,Beginner,Technology
707,online,2016,261,4.67,55,None,Technology
708,classroom,2012,165,38.53,72,Beginner,Science
709,online,2012,241,12.34,63,Beginner,Science
710,online,2014,261,43.91,78,None,Technology
711,online,2011,256,66.47,NA,Beginner,Engineering
712,online,2017,261,97.88,NA,None,Technology
713,classroom,2020,175,43.2,74,NA,Science
714,online,2019,257,68.31,60,None,Mathematics
715,online,2013,251,47.19,78,Beginner,Technology
716,classroom,2018,170,90.3,NA,Beginner,Math
717,classroom,2012,156,35.12,NA,Intermediate,Science
718,online,2014,251,-,72,Beginner,Technology
719,online,2013,261,86.72,77,None,Technology
720,classroom,2012,180,18.8,73,None,Mathematics
721,online,2021,241,53.87,80,Beginner,Science
722,online,2020,251,-,81,Beginner,Technology
723,online,2017,246,78.25,80,Beginner,Mathematics
724,classroom,2014,185,-,75,None,Technology
725,classroom,2020,170,90.71,99,Intermediate,Engineering
726,online,2021,257,51.76,81,None,Mathematics
727,online,2016,261,54.43,86,None,Technology
728,online,2022,251,81.2,90,Beginner,Technology
729,online,2012,241,68.55,85,Beginner,Science
730,online,2016,241,11.76,75,Beginner,Science
731,classroom,2021,170,7.7,60,Intermediate,Engineering
732,online,2016,251,18.01,NA,None,Science
733,online,2017,261,59.78,79,None,Technology
734,online,2018,246,60.18,NA,Intermediate,Engineering
735,online,2014,261,-,NA,None,Technology
736,online,2017,251,57.96,78,Beginner,Technology
737,online,2019,261,70.4,68,NA,Technology
738,online,2017,261,34.44,76,None,Technology
739,online,2022,246,56.81,72,Beginner,Math
740,online,2011,256,83.34,85,None,Math
741,classroom,2022,180,78.81,89,Beginner,Engineering
742,online,2013,251,78.11,74,None,Science
743,classroom,2018,175,46.52,73,None,Science
744,classroom,2016,179,48.93,71,None,Math
745,online,2021,261,18.62,68,NA,Technology
746,online,2015,261,64.62,80,None,Technology
747,online,2016,261,11.37,77,None,Technology
748,online,2015,231,87.45,77,Intermediate,Science
749,classroom,2016,175,26.58,73,Beginner,Technology
750,online,2019,251,54.42,81,Beginner,Technology
751,online,2014,261,68.5,76,None,Technology
752,online,2020,261,17.74,NA,None,Technology
753,online,2013,257,47.78,79,None,Math
754,online,2020,251,47.74,73,Beginner,Technology
755,classroom,2014,165,80.67,75,Beginner,Science
756,online,2017,236,28.51,67,Intermediate,Mathematics
757,online,2015,257,37.87,92,None,Mathematics
758,classroom,2017,161,93.59,74,Intermediate,Mathematics
759,online,2018,257,35.78,89,None,Math
760,online,2015,251,35.37,62,Beginner,Technology
761,online,2022,231,40.1,66,Intermediate,Science
762,online,2013,251,44.11,72,Beginner,Technology
763,online,2018,261,48.79,74,NA,Technology
764,online,2017,261,6.65,77,None,Technology
765,online,2012,231,86.81,81,Intermediate,Science
766,online,2013,261,10.53,68,None,Technology
767,online,2012,261,44.25,74,None,Technology
768,online,2016,261,93.91,77,None,Technology
769,online,2016,246,6.63,68,Beginner,Math
770,online,2020,261,11.16,62,None,Technology
771,online,2012,266,-,73,None,Engineering
772,online,2012,261,82.4,68,None,Technology
773,online,2013,241,90.28,71,Beginner,Science
774,online,2022,261,30.22,80,NA,Technology
775,online,2020,241,70.2,92,Beginner,Science
776,online,2022,241,91.39,82,Intermediate,Technology
777,classroom,2012,176,26.86,67,None,Science
778,online,2022,236,49.32,74,Intermediate,Mathematics
779,classroom,2012,175,66.93,71,Beginner,Technology
780,online,2020,246,98.52,81,Beginner,Mathematics
781,online,2015,261,45.06,82,None,Technology
782,online,2019,246,38.09,65,Beginner,Mathematics
783,classroom,2012,155,49.34,79,Intermediate,Science
784,classroom,2019,155,42.23,NA,Intermediate,Science
785,online,2019,256,2.92,64,None,Mathematics
786,online,2011,261,92.9,72,None,Technology
787,classroom,2019,175,18.38,71,Beginner,Technology
788,online,2013,251,45.3,85,Beginner,Technology
789,classroom,2016,175,99.05,NA,Beginner,Technology
790,online,2018,261,98.01,81,None,Technology
791,online,2015,247,14.96,67,Beginner,Math
792,online,2014,242,1.2,62,Beginner,Science
793,online,2022,261,43.46,91,None,Technology
794,online,2014,246,3.57,61,Intermediate,Engineering
795,classroom,2022,165,20.75,78,Intermediate,Technology
796,online,2017,247,11.12,69,Beginner,Mathematics
797,classroom,2013,175,25.28,NA,None,Science
798,online,2018,261,36.54,81,None,Technology
799,classroom,2011,165,33.51,85,Beginner,Science
800,online,2022,261,88.31,72,None,Technology
801,online,2011,241,52.11,77,Beginner,Science
802,classroom,2011,170,70.36,75,Intermediate,Engineering
803,online,2017,261,96.5,74,None,Technology
804,classroom,2016,175,12.27,61,None,Science
805,classroom,2011,165,23.99,68,Beginner,Science
806,online,2022,256,14.08,69,None,Mathematics
807,online,2021,251,52.22,78,Beginner,Technology
808,online,2016,261,16.51,81,None,Technology
809,online,2013,256,-,75,None,Mathematics
810,online,2021,261,8.04,NA,None,Technology
811,classroom,2011,155,76.73,85,Intermediate,Science
812,classroom,2021,155,61.21,75,Intermediate,Science
813,online,2013,246,38.71,76,Beginner,Math
814,classroom,2018,185,38.02,73,None,Technology
815,online,2018,246,44.1,74,Beginner,Mathematics
816,online,2012,261,17.09,71,None,Technology
817,online,2013,252,82.8,70,None,Science
818,online,2021,241,84.1,72,Beginner,Science
819,online,2018,261,67.78,84,None,Technology
820,online,2015,261,22.06,76,None,Technology
821,online,2020,261,91.69,81,None,Technology
822,online,2019,261,34.36,84,None,Technology
823,classroom,2014,180,62.02,92,Beginner,Engineering
824,online,2020,251,55.09,77,Beginner,Technology
825,online,2015,242,74.53,NA,Beginner,Science
826,online,2020,251,-,82,Beginner,Technology
827,online,2017,236,62.68,82,Intermediate,Mathematics
828,online,2013,256,25.65,74,None,Math
829,online,2022,256,7.87,73,None,Mathematics
830,online,2014,256,86.37,76,None,Mathematics
831,online,2020,257,82.14,81,None,Math
832,online,2022,261,52.22,85,NA,Technology
833,online,2020,261,65.34,72,None,Technology
834,online,2013,261,47.84,65,None,Technology
835,online,2012,261,52.84,NA,None,Technology
836,classroom,2012,156,4.88,54,Intermediate,Science
837,online,2021,261,36.46,72,None,Technology
838,classroom,2014,170,-,68,Intermediate,Engineering
839,online,2021,246,76.37,87,Beginner,Mathematics
840,online,2018,261,32.58,79,None,Technology
841,online,2014,261,67.7,73,NA,Technology
842,online,2014,261,50.13,60,None,Technology
843,online,2020,261,46.72,65,None,Technology
844,online,2018,241,92.42,72,Beginner,Science
845,online,2012,261,68.24,NA,None,Technology
846,online,2017,251,18.55,79,None,Science
847,online,2011,261,52.39,76,None,Technology
848,online,2019,251,79.59,79,Beginner,Technology
849,online,2011,236,49.01,84,Intermediate,Mathematics
850,online,2012,257,93.7,100,None,Math
851,online,2018,261,9.29,66,None,Technology
852,classroom,2018,180,23.03,72,Beginner,Engineering
853,classroom,2014,185,42.91,68,None,Technology
854,online,2014,261,70.3,84,None,Technology
855,online,2012,251,36.68,73,Beginner,Technology
856,online,2018,251,97.02,88,None,Science
857,classroom,2017,170,84.51,92,Beginner,Mathematics
858,online,2019,241,8.12,72,Beginner,Science
859,classroom,2022,185,82.86,86,NA,Technology
860,classroom,2011,165,66.91,78,Beginner,Science
861,online,2014,261,67.91,85,None,Technology
862,online,2011,261,17.5,69,None,Technology
863,online,2018,261,49.52,67,None,Technology
864,online,2019,261,12.01,61,None,Technology
865,online,2022,251,4.37,66,None,Science
866,online,2016,235,24.75,80,Intermediate,Math
867,online,2012,261,63.27,87,None,Technology
868,online,2016,231,87.13,83,Intermediate,Science
869,online,2013,251,74.98,68,Beginner,Technology
870,online,2011,261,35.26,71,None,Technology
871,classroom,2014,155,12.72,67,Intermediate,Science
872,classroom,2018,155,12.41,70,Intermediate,Science
873,online,2015,261,27.07,66,None,Technology
874,classroom,2015,185,55.67,76,None,Technology
875,classroom,2021,165,58.68,78,Intermediate,Technology
876,online,2022,251,33.36,81,None,Science
877,online,2011,251,54.28,65,None,Science
878,online,2017,246,31.66,78,Beginner,Mathematics
879,classroom,2014,170,-,77,Beginner,Mathematics
880,online,2011,231,91.67,93,Intermediate,Science
881,online,2019,251,74.61,84,Beginner,Technology
882,classroom,2016,170,67.85,76,Beginner,Math
883,online,2015,241,48.47,82,Beginner,Science
884,online,2013,241,1.18,53,Intermediate,Technology
885,classroom,2011,180,3.43,75,None,Math
886,online,2019,261,84.53,98,None,Technology
887,classroom,2018,165,26.94,NA,Beginner,Science
888,classroom,2015,170,26.96,75,Intermediate,Engineering
889,online,2020,256,87.54,98,None,Mathematics
890,online,2021,241,39.17,65,Beginner,Science
891,online,2020,251,23,72,Beginner,Technology
892,online,2020,261,58.92,91,None,Technology
893,classroom,2015,155,33.1,76,Intermediate,Science
894,online,2011,247,28.86,70,Intermediate,Engineering
895,online,2014,251,5.67,69,None,Science
896,online,2012,261,45.96,85,None,Technology
897,classroom,2021,165,54.8,74,Beginner,Science
898,classroom,2021,175,87.38,82,None,Science
899,classroom,2021,165,27.7,75,Beginner,Science
900,online,2015,246,91.27,80,Beginner,Mathematics
901,classroom,2013,170,95.15,74,Intermediate,Engineering
902,online,2014,256,48.22,74,Beginner,Engineering
903,classroom,2021,155,61.6,81,Intermediate,Science
904,online,2020,251,71.95,71,Beginner,Technology
905,online,2020,236,79.34,68,Intermediate,Mathematics
906,online,2013,231,50.13,74,Intermediate,Science
907,online,2014,251,80.3,84,Beginner,Technology
908,online,2020,251,26.94,82,Beginner,Technology
909,classroom,2019,180,26.65,76,Beginner,Engineering
910,online,2019,261,42.9,87,None,Technology
911,online,2015,241,27.27,79,Beginner,Science
912,online,2013,257,66.04,65,NA,Math
913,classroom,2019,180,42.36,81,Beginner,Engineering
914,online,2011,261,54.17,77,None,Technology
915,online,2015,251,-,102,None,Science
916,classroom,2019,155,6.05,61,Intermediate,Science
917,online,2020,251,-,NA,Beginner,Technology
918,online,2018,261,98.73,87,None,Technology
919,online,2018,261,25.64,76,None,Technology
920,online,2013,251,52.27,68,None,Science
921,classroom,2019,154,70.38,NA,Intermediate,Science
922,classroom,2017,170,7.32,64,Intermediate,Engineering
923,online,2022,266,38.95,90,None,Engineering
924,online,2011,241,20.53,NA,Beginner,Science
925,online,2015,246,24.53,69,Beginner,Mathematics
926,online,2020,251,72.24,62,Beginner,Technology
927,online,2017,241,12.98,62,Beginner,Science
928,online,2021,257,30.66,80,None,Math
929,classroom,2020,180,76.47,74,Beginner,Engineering
930,classroom,2014,165,24.45,NA,Intermediate,Technology
931,online,2015,251,72.27,76,None,Science
932,online,2019,261,71.48,77,None,Technology
933,classroom,2011,175,9.48,67,None,Science
934,classroom,2012,165,2.95,NA,Intermediate,Technology
935,online,2020,251,65.99,74,Beginner,Technology
936,online,2021,246,-,71,Beginner,Mathematics
937,online,2016,246,5.7,68,Beginner,Math
938,online,2021,261,58.08,NA,None,Technology
939,online,2013,261,83.03,89,None,Technology
940,classroom,2019,155,66.52,69,Intermediate,Science
941,classroom,2016,185,44.39,76,None,Technology
942,online,2016,241,35.06,70,Beginner,Science
943,online,2014,257,47.08,66,None,Mathematics
944,online,2016,256,5.8,72,Beginner,Engineering
945,online,2019,261,9.37,59,None,Technology
946,online,2011,241,68.47,NA,Beginner,Science
947,online,2019,251,50.3,72,None,Science
948,online,2021,256,76.61,75,None,Mathematics
949,online,2013,261,38.5,71,None,Technology
950,online,2020,261,85.37,NA,None,Technology
951,classroom,2016,180,98.86,89,None,Mathematics
952,classroom,2017,155,9.17,65,Intermediate,Science
953,online,2020,261,98.43,83,None,Technology
954,online,2018,251,-,NA,Beginner,Technology
955,online,2017,251,72.28,NA,Beginner,Technology
956,classroom,2016,170,98.29,NA,Intermediate,Engineering
957,online,2016,261,28.24,65,None,Technology
958,online,2013,251,72,89,Beginner,Technology
959,classroom,2013,155,99.59,86,Intermediate,Science
960,online,2016,241,50.07,86,Beginner,Science
961,online,2012,248,41.28,72,Beginner,Math
962,online,2022,251,89.7,80,Beginner,Technology
963,online,2014,251,57.47,82,Beginner,Technology
964,online,2020,261,92.14,80,None,Technology
965,online,2016,251,39.35,88,Beginner,Technology
966,online,2019,241,4.22,60,Beginner,Science
967,classroom,2013,175,70.96,73,None,Science
968,online,2011,261,64.62,71,None,Technology
969,online,2020,261,74.58,78,None,Technology
970,classroom,2018,175,76.24,86,Beginner,Technology
971,online,2013,256,75.92,75,None,Mathematics
972,online,2012,256,56.52,80,None,Math
973,classroom,2015,165,72.36,85,Beginner,Science
974,online,2011,251,91.97,78,Beginner,Technology
975,online,2018,256,94.67,81,None,Mathematics
976,online,2021,231,48.02,NA,Intermediate,Science
977,online,2014,231,51.05,73,Intermediate,Science
978,online,2016,261,55.91,79,None,Technology
979,online,2013,241,55.59,78,Intermediate,Technology
980,classroom,2018,170,60.36,64,Intermediate,Engineering
981,classroom,2015,190,49.2,80,None,Engineering
982,online,2011,257,89.92,72,None,Math
983,online,2016,251,48.82,71,None,Science
984,online,2011,256,3.71,68,None,Mathematics
985,online,2011,256,11.94,72,Beginner,Engineering
986,classroom,2016,165,20.86,76,Beginner,Science
987,online,2019,241,98.35,81,Beginner,Science
988,online,2017,261,74.74,80,None,Technology
989,online,2022,251,59.16,73,Beginner,Technology
990,classroom,2022,165,28.84,68,Beginner,Science
991,classroom,2020,180,78.15,88,Beginner,Engineering
992,classroom,2015,185,56.59,72,None,Technology
993,online,2019,251,27.3,72,Beginner,Technology
994,online,2020,241,65.55,NA,Beginner,Science
995,online,2019,261,98.04,98,None,Technology
996,online,2015,261,67.42,67,None,Technology
997,online,2016,261,56.41,85,None,Technology
998,online,2012,247,42.12,78,Beginner,Math
999,classroom,2021,165,-,76,Intermediate,Technology
1000,online,2018,241,56.28,77,Beginner,Science
1001,online,2019,251,96.79,83,Beginner,Technology
1002,online,2022,251,77.9,82,Beginner,Technology
1003,online,2017,241,39.26,66,Beginner,Science
1004,online,2016,251,74.32,71,Beginner,Technology
1005,online,2011,261,50.08,84,NA,Technology
1006,online,2019,261,87.81,81,None,Technology
1007,online,2012,256,1.8,65,None,Math
1008,online,2018,267,48.28,80,None,Engineering
1009,online,2019,261,85.27,74,None,Technology
1010,online,2020,261,14.7,62,None,Technology
1011,online,2016,251,91.31,83,None,Science
1012,online,2011,257,34.48,76,None,Mathematics
1013,online,2013,255,92.2,88,None,Mathematics
1014,online,2019,251,22.8,63,Beginner,Technology
1015,online,2020,251,60.48,96,Beginner,Technology
1016,online,2018,251,83.08,79,Beginner,Technology
1017,online,2016,261,80.14,76,None,Technology
1018,online,2015,251,21.95,71,Beginner,Technology
1019,online,2018,261,52.56,80,None,Technology
1020,online,2016,261,26.17,NA,None,Technology
1021,online,2022,251,92.72,90,Beginner,Technology
1022,online,2022,251,88.42,73,None,Science
1023,classroom,2014,180,69.3,73,None,Mathematics
1024,online,2013,261,-,66,None,Technology
1025,online,2012,261,90.18,87,None,Technology
1026,online,2015,251,63.31,72,Beginner,Technology
1027,online,2014,256,80.56,85,NA,Math
1028,online,2020,256,76.58,76,None,Math
1029,online,2014,256,98.19,83,None,Math
1030,online,2022,256,28.31,NA,None,Mathematics
1031,online,2011,245,3.02,59,Beginner,Mathematics
1032,online,2012,256,83.65,72,None,Math
1033,online,2014,261,20.49,69,None,Technology
1034,online,2020,251,-,NA,Beginner,Technology
1035,classroom,2016,170,82.67,77,Intermediate,Engineering
1036,online,2014,261,49.28,77,None,Technology
1037,classroom,2021,155,25.69,69,Intermediate,Science
1038,online,2019,246,71.97,77,Beginner,Mathematics
1039,online,2011,256,57.37,92,None,Math
1040,online,2020,261,71.7,69,None,Technology
1041,online,2011,256,-,83,NA,Math
1042,online,2013,261,46.64,NA,None,Technology
1043,online,2017,251,54.92,69,None,Science
1044,online,2020,261,23.25,74,None,Technology
1045,online,2021,256,98.42,101,Beginner,Engineering
1046,classroom,2015,170,32.14,72,Intermediate,Engineering
1047,online,2013,241,57,75,Beginner,Science
1048,online,2017,261,1.08,66,None,Technology
1049,online,2018,261,15.52,77,None,Technology
1050,classroom,2015,155,43.15,77,Intermediate,Science
1051,online,2014,241,23.82,81,Beginner,Science
1052,online,2017,261,60.75,95,None,Technology
1053,online,2011,261,-,89,None,Technology
1054,online,2019,241,90.44,79,Beginner,Science
1055,classroom,2016,170,31.26,72,Beginner,Math
1056,classroom,2013,175,59.24,82,Beginner,Technology
1057,online,2019,261,32.68,61,None,Technology
1058,online,2016,256,86.53,NA,None,Mathematics
1059,online,2014,261,73.24,81,None,Technology
1060,classroom,2012,175,58.31,76,None,Science
1061,online,2018,256,10.7,79,None,Math
1062,online,2022,256,4.06,62,None,Math
1063,classroom,2020,170,36.49,63,Intermediate,Engineering
1064,online,2018,261,31.02,67,None,Technology
1065,classroom,2017,180,62.9,72,Beginner,Engineering
1066,online,2016,251,36.11,67,NA,Science
1067,online,2011,241,81.47,NA,Intermediate,Technology
1068,online,2013,241,18.6,74,Intermediate,Technology
1069,classroom,2014,155,9.6,63,Intermediate,Science
1070,classroom,2019,175,59.07,74,None,Science
1071,online,2013,236,87.24,73,Intermediate,Math
1072,online,2021,261,49.26,76,NA,Technology
1073,online,2012,266,78.61,80,None,Engineering
1074,classroom,2014,175,91.39,83,None,Science
1075,online,2017,246,83.73,78,Beginner,Mathematics
1076,online,2012,246,60.8,82,Beginner,Mathematics
1077,classroom,2012,155,34.95,75,Intermediate,Science
1078,classroom,2016,175,6,68,None,Science
1079,online,2020,251,-,72,Beginner,Technology
1080,online,2014,261,59,92,None,Technology
1081,online,2017,261,58.95,71,None,Technology
1082,online,2021,251,43.71,73,Beginner,Technology
1083,online,2013,245,23.38,73,Beginner,Math
1084,online,2013,266,14.15,61,None,Engineering
1085,classroom,2019,179,13.95,69,None,Mathematics
1086,classroom,2015,170,99.97,93,Intermediate,Engineering
1087,online,2016,251,29.29,57,None,Science
1088,online,2019,241,44.9,57,Beginner,Science
1089,online,2012,241,51.95,66,Beginner,Science
1090,classroom,2016,155,49.95,80,Intermediate,Science
1091,online,2013,236,41.7,71,Intermediate,Mathematics
1092,online,2017,261,70,74,None,Technology
1093,online,2018,256,72.81,83,None,Math
1094,online,2013,255,65.45,68,NA,Mathematics
1095,online,2014,246,14.38,61,Beginner,Math
1096,online,2012,261,11.57,NA,None,Technology
1097,online,2017,251,82.27,85,None,Science
1098,online,2019,246,47.03,72,Beginner,Mathematics
1099,classroom,2015,181,89.44,76,Beginner,Engineering
1100,online,2018,261,9.66,59,None,Technology
1101,online,2016,256,74.49,82,None,Mathematics
1102,online,2013,246,90.11,86,Beginner,Math
1103,online,2013,255,-,72,NA,Math
1104,online,2015,261,30.16,NA,None,Technology
1105,online,2018,251,-,73,Beginner,Technology
1106,online,2016,261,87.39,NA,None,Technology
1107,online,2012,241,35.11,68,Beginner,Science
1108,online,2011,251,7.28,73,Beginner,Technology
1109,online,2021,251,76.15,81,Beginner,Technology
1110,classroom,2022,155,37.41,82,Intermediate,Science
1111,online,2020,256,26.06,55,None,Mathematics
1112,online,2019,251,36.7,59,None,Science
1113,online,2011,261,94.81,79,NA,Technology
1114,online,2017,251,85.71,78,None,Science
1115,classroom,2013,185,80.08,82,None,Technology
1116,online,2016,241,54.92,79,Beginner,Science
1117,online,2019,241,88.52,97,Beginner,Science
1118,classroom,2012,165,69.29,85,Intermediate,Technology
1119,online,2015,261,3.01,58,None,Technology
1120,classroom,2014,170,90.33,79,Beginner,Math
1121,online,2012,256,5.9,64,None,Math
1122,online,2014,236,15.98,66,Intermediate,Math
1123,classroom,2011,165,11.72,68,Beginner,Science
1124,online,2019,231,96.81,80,Intermediate,Science
1125,online,2021,261,30.12,68,None,Technology
1126,online,2015,261,98.78,93,None,Technology
1127,online,2013,241,97.28,78,Beginner,Science
1128,online,2012,251,93.24,68,Beginner,Technology
1129,online,2011,241,59.44,80,Intermediate,Technology
1130,online,2018,261,97.9,81,None,Technology
1131,online,2012,251,84.58,81,None,Science
1132,online,2016,241,78.02,82,Beginner,Science
1133,classroom,2021,190,56.1,93,None,Engineering
1134,classroom,2017,170,12.11,65,Intermediate,Engineering
1135,online,2016,266,-,86,None,Engineering
1136,online,2022,261,10.24,71,None,Technology
1137,online,2014,246,68.28,85,Beginner,Math
1138,online,2015,251,-,86,None,Science
1139,online,2017,261,16.46,68,None,Technology
1140,online,2013,251,95.68,98,Beginner,Technology
1141,online,2013,246,27.82,72,Beginner,Mathematics
1142,online,2013,241,97.37,86,Beginner,Science
1143,online,2012,251,2.37,61,Beginner,Technology
1144,online,2013,257,92.68,82,Beginner,Engineering
1145,online,2016,261,19.61,69,None,Technology
1146,online,2012,256,8.09,69,None,Mathematics
1147,online,2021,246,69.18,85,Beginner,Mathematics
1148,online,2012,241,2.9,58,Intermediate,Technology
1149,online,2022,251,-,83,Beginner,Technology
1150,online,2022,261,46.24,87,None,Technology
1151,online,2018,246,23.66,74,Beginner,Mathematics
1152,classroom,2011,180,32.99,71,Beginner,Engineering
1153,online,2019,261,24.72,69,None,Technology
1154,online,2012,261,98.98,83,None,Technology
1155,online,2017,251,71.37,81,Beginner,Technology
1156,online,2017,251,76.64,77,Beginner,Technology
1157,classroom,2020,175,93.56,88,Beginner,Technology
1158,classroom,2018,165,35.44,81,Beginner,Science
1159,online,2021,246,25.85,81,Beginner,Math
1160,online,2017,246,97.07,NA,Intermediate,Engineering
1161,online,2022,261,18.15,NA,None,Technology
1162,online,2019,261,88.33,76,NA,Technology
1163,classroom,2015,182,92.39,86,None,Mathematics
1164,classroom,2017,180,19.9,62,None,Math
1165,classroom,2021,175,5.18,62,None,Science
1166,online,2012,250,53.52,79,None,Science
1167,classroom,2018,165,61.23,69,Beginner,Science
1168,classroom,2018,175,-,65,Beginner,Technology
1169,online,2022,261,57.29,NA,None,Technology
1170,classroom,2020,175,4.51,61,Beginner,Technology
1171,online,2017,261,36.85,66,None,Technology
1172,online,2021,266,9.36,73,None,Engineering
1173,online,2013,251,30.18,82,None,Science
1174,classroom,2013,170,56.95,75,Intermediate,Engineering
1175,online,2021,256,22.6,NA,Beginner,Engineering
1176,online,2016,261,58.3,84,None,Technology
1177,classroom,2019,165,99.19,86,Beginner,Science
1178,online,2018,261,99.68,79,None,Technology
1179,online,2022,236,9.12,67,Intermediate,Mathematics
1180,online,2018,261,98.72,80,None,Technology
1181,online,2014,256,84.1,94,None,Mathematics
1182,classroom,2019,185,9.53,NA,None,Technology
1183,classroom,2018,155,68.22,85,Intermediate,Science
1184,online,2022,256,35.83,75,Beginner,Engineering
1185,online,2014,256,74.9,69,NA,Math
1186,online,2013,247,89.55,78,Beginner,Math
1187,classroom,2014,175,2.77,70,None,Science
1188,online,2012,236,37.08,71,Intermediate,Mathematics
1189,classroom,2012,175,25.09,73,Beginner,Technology
1190,online,2014,261,37.22,66,None,Technology
1191,classroom,2017,170,13.55,73,Beginner,Mathematics
1192,classroom,2012,175,79.21,71,None,Science
1193,online,2013,241,99.13,90,Beginner,Science
1194,online,2020,261,3.29,61,None,Technology
1195,classroom,2013,165,6.91,73,Beginner,Science
1196,online,2014,249,47.68,NA,Beginner,Mathematics
1197,online,2018,256,-,72,Beginner,Engineering
1198,online,2012,251,42.93,79,None,Science
1199,classroom,2012,170,-,68,Intermediate,Engineering
1200,classroom,2013,175,42.36,77,Beginner,Technology
1201,online,2018,241,9.44,72,Beginner,Science
1202,classroom,2014,170,45.14,80,Intermediate,Engineering
1203,online,2011,261,13.62,76,None,Technology
1204,online,2014,266,59.14,92,None,Engineering
1205,online,2014,231,22.97,74,Intermediate,Science
1206,online,2019,251,15.49,68,Beginner,Technology
1207,classroom,2019,165,26.88,69,Beginner,Science
1208,online,2018,256,6.54,74,None,Math
1209,online,2019,261,66.79,73,None,Technology
1210,online,2013,251,24.19,81,Beginner,Technology
1211,online,2016,236,3.69,71,Intermediate,Mathematics
1212,online,2015,251,31.23,66,NA,Science
1213,online,2019,246,65.38,74,Beginner,Math
1214,online,2017,261,73.42,94,None,Technology
1215,online,2017,261,69.97,73,None,Technology
1216,classroom,2014,175,83.76,82,Beginner,Technology
1217,online,2015,261,47.52,72,NA,Technology
1218,online,2013,251,34.63,72,Beginner,Technology
1219,online,2011,251,50.72,75,None,Science
1220,online,2011,251,9.82,57,Beginner,Technology
1221,online,2012,261,67.57,72,None,Technology
1222,online,2015,261,45.17,68,None,Technology
1223,classroom,2018,180,50.72,76,Beginner,Engineering
1224,online,2014,261,-,77,None,Technology
1225,online,2018,256,20.41,57,NA,Math
1226,online,2015,231,93.96,86,Intermediate,Science
1227,classroom,2021,175,51.52,79,Beginner,Technology
1228,online,2020,261,65.09,74,None,Technology
1229,online,2016,251,14.97,65,Beginner,Technology
1230,classroom,2016,185,40.87,76,None,Technology
1231,online,2014,261,20.86,78,None,Technology
1232,online,2015,246,22.24,62,Beginner,Mathematics
1233,classroom,2016,155,27.51,69,Intermediate,Science
1234,online,2018,256,7.84,61,Beginner,Engineering
1235,online,2013,241,92.64,80,Beginner,Science
1236,online,2021,241,93.65,92,Beginner,Science
1237,classroom,2017,180,20.44,73,NA,Mathematics
1238,online,2017,242,71.68,72,Beginner,Science
1239,classroom,2019,175,89.84,78,None,Science
1240,online,2017,251,75.04,76,Beginner,Technology
1241,online,2020,236,12.32,69,Intermediate,Mathematics
1242,online,2022,251,-,75,None,Science
1243,classroom,2011,165,55.22,76,Beginner,Science
1244,online,2016,261,94.38,NA,NA,Technology
1245,online,2021,251,-,69,Beginner,Technology
1246,online,2017,246,19.68,81,Beginner,Mathematics
1247,online,2013,251,16.12,67,Beginner,Technology
1248,online,2014,261,10.72,67,None,Technology
1249,classroom,2017,180,97.94,84,Beginner,Engineering
1250,classroom,2019,170,75.59,74,Intermediate,Engineering
1251,online,2019,261,73.12,82,None,Technology
1252,online,2022,256,19.36,77,None,Mathematics
1253,classroom,2011,190,72.58,77,None,Engineering
1254,classroom,2016,180,48.25,64,NA,Mathematics
1255,classroom,2013,180,62.49,65,Beginner,Engineering
1256,online,2018,261,-,96,None,Technology
1257,online,2011,241,52.82,NA,Beginner,Science
1258,online,2022,261,81.54,80,NA,Technology
1259,online,2015,251,62.33,71,None,Science
1260,online,2019,251,63.59,78,Beginner,Technology
1261,classroom,2014,170,24.84,64,Beginner,Mathematics
1262,online,2020,241,33.78,75,Beginner,Science
1263,classroom,2020,185,49.28,80,None,Technology
1264,online,2015,231,49.73,76,Intermediate,Science
1265,online,2017,251,23.25,65,Beginner,Technology
1266,online,2014,257,47.07,63,None,Math
1267,online,2021,261,80.89,86,NA,Technology
1268,online,2013,261,-,NA,None,Technology
1269,online,2016,241,64.13,NA,Beginner,Science
1270,online,2013,247,1.42,68,Beginner,Mathematics
1271,online,2019,251,49.36,79,Beginner,Technology
1272,online,2020,261,98.7,84,None,Technology
1273,online,2017,256,28.97,74,None,Mathematics
1274,online,2021,261,70.06,79,None,Technology
1275,classroom,2013,175,23.75,71,None,Science
1276,online,2015,241,70.07,89,Beginner,Science
1277,online,2012,257,57.92,84,None,Math
1278,classroom,2019,155,-,86,Intermediate,Science
1279,classroom,2019,155,18.57,69,Intermediate,Science
1280,classroom,2013,155,-,70,Intermediate,Science
1281,online,2017,247,40.47,NA,Beginner,Math
1282,online,2020,261,95.67,78,None,Technology
1283,online,2018,261,35.87,64,NA,Technology
1284,classroom,2011,171,-,69,Intermediate,Engineering
1285,online,2012,251,18.31,70,Beginner,Technology
1286,online,2011,251,48.93,73,Beginner,Technology
1287,online,2016,261,32.97,69,None,Technology
1288,online,2022,261,10.51,78,None,Technology
1289,online,2014,257,65.61,73,None,Math
1290,online,2012,246,99.84,86,Beginner,Math
1291,online,2020,241,38.56,71,Beginner,Science
1292,online,2014,252,29.15,73,None,Science
1293,classroom,2020,165,64.23,NA,Beginner,Science
1294,online,2011,266,64.57,69,None,Engineering
1295,online,2016,261,49.65,74,None,Technology
1296,online,2017,266,6.28,68,None,Engineering
1297,online,2016,257,34.37,76,None,Mathematics
1298,online,2020,261,93.58,88,None,Technology
1299,online,2013,261,98.5,81,None,Technology
1300,online,2020,256,14.28,65,None,Mathematics
1301,online,2011,256,92.36,75,None,Math
1302,online,2015,241,27.1,75,Beginner,Science
1303,online,2013,246,85.69,73,Beginner,Math
1304,online,2021,246,14.85,70,Beginner,Mathematics
1305,classroom,2016,170,3.78,73,Intermediate,Engineering
1306,online,2014,256,56.16,NA,Beginner,Engineering
1307,online,2021,251,56.92,75,Beginner,Technology
1308,online,2021,256,7.67,63,None,Mathematics
1309,online,2018,261,52.71,81,None,Technology
1310,online,2022,261,4.34,67,None,Technology
1311,online,2017,261,48.74,75,None,Technology
1312,online,2012,261,37.1,66,None,Technology
1313,online,2022,251,95.42,95,None,Science
1314,online,2019,261,80.22,84,None,Technology
1315,classroom,2015,156,9.61,71,Intermediate,Science
1316,classroom,2014,190,78.13,76,None,Engineering
1317,online,2014,261,71.31,76,None,Technology
1318,online,2016,241,51.58,71,Beginner,Science
1319,online,2018,241,72.98,66,Beginner,Science
1320,classroom,2015,169,64.84,71,Beginner,Math
1321,online,2020,256,66.58,NA,NA,Mathematics
1322,online,2011,241,82.28,78,Beginner,Science
1323,online,2012,241,-,77,Beginner,Science
1324,classroom,2014,170,47.77,73,Beginner,Mathematics
1325,online,2011,266,46.93,72,None,Engineering
1326,online,2013,246,3.28,62,Beginner,Math
1327,classroom,2011,175,46.58,75,Beginner,Technology
1328,online,2022,246,4.15,76,Beginner,Math
1329,classroom,2011,180,68.26,71,Beginner,Engineering
1330,online,2021,241,-,73,Beginner,Science
1331,online,2021,231,96.86,NA,Intermediate,Science
1332,online,2011,261,40.87,72,None,Technology
1333,online,2012,251,31.33,NA,Beginner,Technology
1334,online,2018,246,42.63,76,Beginner,Math
1335,online,2015,256,16.38,57,Beginner,Engineering
1336,online,2016,261,17.55,67,None,Technology
1337,classroom,2018,175,11.88,64,Beginner,Technology
1338,classroom,2017,175,77.35,NA,None,Science
1339,online,2013,251,81.59,79,Beginner,Technology
1340,classroom,2016,160,17.81,85,Intermediate,Math
1341,classroom,2015,165,34.77,70,Beginner,Science
1342,online,2016,241,2.64,68,Beginner,Science
1343,online,2017,261,29.01,71,None,Technology
1344,classroom,2016,161,87.01,77,Intermediate,Mathematics
1345,online,2012,257,94.9,80,None,Math
1346,online,2020,261,16.22,68,None,Technology
1347,online,2021,257,84.36,77,None,Math
1348,classroom,2021,185,47.07,63,None,Technology
1349,online,2016,261,-,84,None,Technology
1350,online,2016,256,86.25,70,None,Mathematics
1351,online,2018,257,82.94,85,None,Mathematics
1352,classroom,2011,165,18.34,55,Beginner,Science
1353,classroom,2021,165,83.71,70,Beginner,Science
1354,online,2022,251,84.9,NA,None,Science
1355,classroom,2022,165,12.11,75,Beginner,Science
1356,classroom,2015,155,67.11,NA,Intermediate,Science
1357,online,2015,261,73.79,NA,None,Technology
1358,online,2018,256,54.58,72,Beginner,Engineering
1359,online,2016,251,1.64,57,None,Science
1360,online,2011,251,78.23,81,None,Science
1361,online,2015,261,12.8,72,None,Technology
1362,online,2013,251,11.84,70,None,Science
1363,classroom,2015,180,83.17,77,None,Math
1364,online,2014,241,12.87,81,Beginner,Science
1365,online,2012,256,58.4,69,None,Math
1366,online,2018,246,7.11,NA,Beginner,Mathematics
1367,online,2019,261,79.05,88,None,Technology
1368,online,2012,261,95.72,92,None,Technology
1369,online,2012,236,78.54,81,Intermediate,Mathematics
1370,classroom,2015,175,96.79,79,None,Science
1371,classroom,2013,155,77.99,89,Intermediate,Science
1372,online,2018,261,68.64,77,None,Technology
1373,online,2011,261,8.28,68,None,Technology
1374,online,2021,256,91.99,87,None,Mathematics
1375,online,2019,231,40.34,70,Intermediate,Science
1376,online,2016,251,68.87,78,Beginner,Technology
1377,online,2015,251,25.95,75,Beginner,Technology
1378,classroom,2022,185,26.34,82,NA,Technology
1379,online,2014,261,23.44,61,None,Technology
1380,classroom,2016,165,33.59,81,Beginner,Science
1381,online,2016,251,44.97,83,None,Science
1382,online,2018,236,45.46,76,Intermediate,Math
1383,classroom,2015,180,87.34,71,Beginner,Engineering
1384,online,2018,251,40.17,67,Beginner,Technology
1385,online,2020,251,80.46,83,Beginner,Technology
1386,online,2016,251,-,81,None,Science
1387,online,2021,242,80.33,85,Beginner,Science
1388,online,2019,261,33.85,NA,None,Technology
1389,online,2017,261,-,74,None,Technology
1390,online,2018,247,12.89,72,Beginner,Mathematics
1391,online,2017,261,16.31,79,NA,Technology
1392,online,2018,251,24.98,74,None,Science
1393,online,2017,255,82.2,89,None,Mathematics
1394,online,2014,266,4.52,69,None,Engineering
1395,classroom,2020,180,44.79,64,Beginner,Engineering
1396,online,2019,246,28.5,69,Beginner,Mathematics
1397,online,2021,251,19.27,71,Beginner,Technology
1398,online,2022,256,2.87,68,None,Math
1399,online,2016,261,87.84,83,None,Technology
1400,online,2022,261,-,74,NA,Technology
1401,online,2019,261,12.94,72,None,Technology
1402,online,2015,236,71.38,71,Intermediate,Math
1403,classroom,2013,155,34.85,73,Intermediate,Science
1404,online,2011,261,3.38,61,None,Technology
1405,online,2011,251,33.57,71,Beginner,Technology
1406,classroom,2017,165,84.47,81,Beginner,Science
1407,classroom,2016,170,39.44,76,Beginner,Math
1408,classroom,2015,180,93.71,NA,Beginner,Engineering
1409,classroom,2016,155,9.08,60,Intermediate,Science
1410,online,2015,261,-,88,None,Technology
1411,online,2014,256,94.86,98,None,Math
1412,online,2022,261,-,75,None,Technology
1413,online,2020,256,85.34,103,None,Math
1414,classroom,2012,181,4.08,NA,None,Math
1415,online,2011,257,81.71,82,None,Math
1416,online,2022,266,89.27,NA,NA,Engineering
1417,online,2011,246,46.62,67,Intermediate,Engineering
1418,online,2022,236,26.89,NA,Intermediate,Math
1419,online,2019,251,2.48,66,Beginner,Technology
1420,classroom,2014,175,96.12,81,Beginner,Technology
1421,online,2018,247,70.09,71,Beginner,Mathematics
1422,classroom,2019,180,57.43,88,None,Math
1423,online,2018,257,98.91,90,None,Mathematics
1424,online,2022,261,2.69,NA,None,Technology
1425,classroom,2016,165,34.22,79,Beginner,Science
1426,online,2022,251,34.03,NA,None,Science
1427,online,2022,261,14.42,60,None,Technology
1428,online,2013,261,95.78,82,None,Technology
1429,online,2011,251,54.82,68,Beginner,Technology
1430,online,2012,261,17.94,63,None,Technology
1431,classroom,2015,181,8.08,55,None,Math
1432,classroom,2016,170,27.44,76,Intermediate,Engineering
1433,online,2019,231,89.99,73,Intermediate,Science
1434,online,2011,246,25.3,67,Intermediate,Engineering
1435,online,2022,256,96.28,81,NA,Math
1436,online,2014,261,45.39,NA,None,Technology
1437,online,2014,261,89.66,70,NA,Technology
1438,classroom,2017,181,30.27,71,Beginner,Engineering
1439,online,2022,266,19.28,76,None,Engineering
1440,online,2021,261,13.66,70,None,Technology
1441,online,2015,237,22.21,72,Intermediate,Math
1442,classroom,2020,175,27.8,69,Beginner,Technology
1443,online,2022,251,26.68,NA,Beginner,Technology
1444,classroom,2019,159,92.57,83,Intermediate,Math
1445,online,2013,261,40.39,73,None,Technology
1446,classroom,2018,165,12.28,64,Intermediate,Technology
1447,online,2012,261,91.35,84,None,Technology
1448,classroom,2014,170,51.97,81,Intermediate,Engineering
1449,online,2017,241,52.56,81,Beginner,Science
1450,online,2021,246,89.57,79,Intermediate,Engineering
1451,online,2022,256,15.38,68,Beginner,Engineering
1452,online,2012,241,21.54,79,Beginner,Science
1453,classroom,2020,180,46.77,68,NA,Math
1454,online,2021,261,-,75,NA,Technology
1455,classroom,2013,185,45.81,73,None,Technology
1456,classroom,2021,170,98.01,97,Intermediate,Engineering
1457,online,2017,251,55.09,88,Beginner,Technology
1458,online,2022,261,9.46,72,None,Technology
1459,online,2014,251,12.12,62,NA,Science
1460,online,2011,261,38.74,86,None,Technology
1461,online,2020,231,5.07,61,Intermediate,Science
1462,online,2021,261,65.17,66,None,Technology
1463,online,2020,241,85.23,90,Beginner,Science
1464,online,2012,247,77.3,77,Beginner,Math
1465,online,2022,261,39.37,68,None,Technology
1466,classroom,2021,180,62.4,83,Beginner,Engineering
1467,classroom,2014,165,50.52,NA,Beginner,Science
1468,classroom,2022,181,22.14,79,None,Math
1469,online,2017,251,35.52,68,Beginner,Technology
1470,classroom,2013,155,91.81,NA,Intermediate,Science
1471,classroom,2018,170,15.38,63,Intermediate,Engineering
1472,online,2016,251,27.44,66,Beginner,Technology
1473,online,2011,256,46.82,61,None,Mathematics
1474,online,2014,261,2.19,61,None,Technology
1475,online,2019,241,39.15,NA,Beginner,Science
1476,classroom,2013,170,70.04,79,Intermediate,Engineering
1477,online,2020,246,89.08,79,Beginner,Mathematics
1478,online,2015,241,51.71,82,Beginner,Science
1479,online,2017,261,1.55,59,None,Technology
1480,online,2022,256,99.61,79,NA,Mathematics
1481,classroom,2014,170,80.34,77,Intermediate,Engineering
1482,online,2017,256,59,73,None,Math
1483,online,2017,246,91.17,78,Beginner,Math
1484,online,2020,231,47.91,80,Intermediate,Science
1485,online,2017,261,25.77,82,None,Technology
1486,online,2017,261,71.51,77,None,Technology
1487,online,2015,241,-,82,Beginner,Science
1488,classroom,2019,155,51.33,83,Intermediate,Science
1489,online,2011,256,82.92,74,Beginner,Engineering
1490,classroom,2016,171,34.09,78,Beginner,Mathematics
1491,online,2018,241,1.59,NA,Beginner,Science
1492,online,2020,261,56.19,77,None,Technology
1493,online,2021,257,-,94,None,Mathematics
1494,online,2015,241,97.47,82,Beginner,Science
1495,online,2013,261,58.89,80,None,Technology
1496,online,2018,261,86.11,79,None,Technology
1497,online,2015,256,48.69,77,Beginner,Engineering
1498,online,2012,256,36.99,84,None,Math
1499,classroom,2011,180,9.78,63,None,Mathematics
1500,online,2017,247,77.35,72,Beginner,Mathematics
1501,online,2014,261,91.06,NA,None,Technology
1502,classroom,2011,185,67.56,88,None,Technology
1503,online,2014,251,12.11,NA,Beginner,Technology
1504,online,2012,261,88.74,66,None,Technology
1505,online,2017,251,-,88,Beginner,Technology
1506,online,2018,231,89.2,72,Intermediate,Science
1507,online,2022,261,-,71,None,Technology
1508,online,2018,256,36.85,74,Beginner,Engineering
1509,online,2015,256,-,81,None,Math
1510,online,2011,246,82.93,77,Beginner,Math
1511,online,2014,267,3.15,69,None,Engineering
1512,online,2020,266,1.34,61,None,Engineering
1513,online,2013,261,-,78,None,Technology
1514,online,2015,246,89.07,79,Beginner,Mathematics
1515,online,2013,251,63.66,77,Beginner,Technology
1516,online,2015,231,54.11,64,Intermediate,Science
1517,online,2011,251,-,67,Beginner,Technology
1518,classroom,2013,175,95.51,NA,None,Science
1519,online,2013,241,97.74,89,Beginner,Science
1520,online,2014,241,12.12,55,Beginner,Science
1521,online,2011,251,40.97,75,Beginner,Technology
1522,online,2022,256,37.33,68,None,Math
1523,online,2019,231,37.77,73,Intermediate,Science
1524,online,2013,246,29.79,NA,Intermediate,Engineering
1525,online,2017,246,75.7,76,Beginner,Math
1526,online,2016,261,42.35,79,None,Technology
1527,online,2015,256,-,73,None,Mathematics
1528,online,2013,252,75.22,75,NA,Science
1529,online,2017,256,69.91,89,None,Math
1530,classroom,2021,180,44.25,79,None,Mathematics
1531,classroom,2019,180,42.27,76,Beginner,Engineering
1532,online,2021,241,-,NA,Beginner,Science
1533,classroom,2018,185,45.14,71,None,Technology
1534,classroom,2012,165,62.13,87,Beginner,Science
1535,online,2022,261,59.99,83,None,Technology
1536,online,2011,261,65.19,75,None,Technology
1537,online,2016,231,86.92,71,Intermediate,Science
1538,classroom,2011,155,46.26,89,Intermediate,Science
1539,online,2017,231,15.79,63,Intermediate,Science
1540,classroom,2013,156,81.61,NA,Intermediate,Science
1541,online,2014,261,43.75,97,None,Technology
1542,classroom,2021,175,65.94,75,None,Science
1543,online,2013,256,27.56,61,None,Mathematics
1544,online,2017,261,-,87,NA,Technology
1545,online,2015,232,1.87,63,Intermediate,Science
1546,online,2011,246,49.48,67,Beginner,Mathematics
1547,online,2019,251,68.93,78,Beginner,Technology
1548,online,2022,241,45,67,Beginner,Science
1549,online,2015,261,-,69,None,Technology
1550,online,2011,251,21.37,NA,NA,Science
1551,online,2016,251,75.2,67,None,Science
1552,classroom,2021,175,72.04,88,None,Science
1553,online,2014,246,5.52,70,Beginner,Math
1554,online,2014,251,96.5,74,Beginner,Technology
1555,online,2021,255,85.02,98,None,Math
1556,online,2012,251,97.99,87,None,Science
1557,classroom,2020,180,12.44,79,Beginner,Engineering
1558,online,2017,255,2.42,67,None,Mathematics
1559,classroom,2017,165,48,70,Beginner,Science
1560,online,2012,261,13.54,66,NA,Technology
1561,online,2022,261,14.61,68,None,Technology
1562,classroom,2021,165,17.81,68,Beginner,Science
1563,online,2022,266,38.47,87,None,Engineering
1564,online,2022,241,54.21,NA,Intermediate,Technology
1565,classroom,2013,175,23.94,82,Beginner,Technology
1566,classroom,2017,175,86.43,78,Beginner,Technology
1567,classroom,2013,180,22.68,65,Beginner,Engineering
1568,online,2017,256,-,91,Beginner,Engineering
1569,classroom,2019,180,93.27,80,Beginner,Engineering
1570,classroom,2021,170,39.47,75,Intermediate,Engineering
1571,online,2017,251,7.59,64,Beginner,Technology
1572,online,2016,261,4.74,66,None,Technology
1573,online,2015,246,59.86,74,Beginner,Mathematics
1574,classroom,2017,170,94.74,95,Intermediate,Engineering
1575,classroom,2022,165,94.56,87,Beginner,Science
1576,online,2017,241,94.92,87,Beginner,Science
1577,classroom,2021,160,69.07,89,Intermediate,Math
1578,classroom,2020,159,18.01,70,Intermediate,Mathematics
1579,online,2014,257,81.57,86,None,Math
1580,online,2022,256,20.01,70,None,Mathematics
1581,online,2021,251,31.06,73,Beginner,Technology
1582,classroom,2015,180,-,74,NA,Mathematics
1583,online,2021,241,3.42,65,Beginner,Science
1584,online,2011,231,46.1,72,Intermediate,Science
1585,classroom,2013,170,93.57,86,Intermediate,Engineering
1586,online,2014,246,76.82,92,Beginner,Math
1587,online,2021,261,18.09,83,None,Technology
1588,online,2012,251,17.58,NA,Beginner,Technology
1589,online,2015,256,36.36,75,None,Mathematics
1590,online,2020,261,27.69,72,None,Technology
1591,online,2012,256,45.15,69,None,Math
1592,classroom,2020,165,32.2,66,Beginner,Science
1593,online,2015,257,-,82,None,Mathematics
1594,classroom,2016,180,63.31,70,Beginner,Engineering
1595,online,2017,251,79.49,70,Beginner,Technology
1596,online,2016,261,35.37,74,None,Technology
1597,online,2021,241,68.83,68,Beginner,Science
1598,online,2015,261,97.32,80,None,Technology
1599,online,2020,255,53.5,78,None,Math
1600,classroom,2015,165,-,71,Beginner,Science
1601,online,2014,241,24.11,NA,Beginner,Science
1602,online,2011,257,1.63,62,None,Math
1603,online,2011,241,8.63,68,Beginner,Science
1604,online,2020,241,32.09,65,Beginner,Science
1605,online,2014,236,91.21,73,Intermediate,Math
1606,online,2017,266,-,NA,None,Engineering
1607,online,2018,246,28.82,62,Beginner,Mathematics
1608,online,2022,256,83.48,89,None,Math
1609,classroom,2014,165,16.7,67,Beginner,Science
1610,online,2022,246,30.29,84,Beginner,Math
1611,online,2022,261,41.36,NA,None,Technology
1612,classroom,2011,165,14.31,68,Beginner,Science
1613,online,2015,231,36.49,70,Intermediate,Science
1614,online,2011,251,28.02,63,None,Science
1615,classroom,2021,170,74.01,75,Intermediate,Engineering
1616,online,2019,261,53.28,80,None,Technology
1617,online,2015,266,27.59,70,NA,Engineering
1618,online,2017,241,91.85,82,Beginner,Science
1619,classroom,2018,165,97.24,92,Beginner,Science
1620,online,2018,256,42.69,56,None,Mathematics
1621,online,2018,251,29.32,84,None,Science
1622,online,2015,261,8.98,67,None,Technology
1623,classroom,2018,190,51.07,77,None,Engineering
1624,online,2014,251,69.44,75,None,Science
1625,online,2016,261,59.06,71,None,Technology
1626,online,2013,246,29.49,78,Intermediate,Engineering
1627,classroom,2014,170,22.53,72,Intermediate,Engineering
1628,online,2012,266,48.67,66,None,Engineering
1629,online,2019,256,1.62,60,NA,Math
1630,classroom,2020,165,16.01,76,Beginner,Science
1631,classroom,2012,155,90.01,NA,Intermediate,Science
1632,online,2019,261,20.99,69,None,Technology
1633,online,2015,261,47.96,77,None,Technology
1634,online,2017,261,25.31,66,None,Technology
1635,classroom,2011,165,25.97,67,Beginner,Science
1636,online,2022,261,16.39,69,None,Technology
1637,online,2012,257,90.43,90,Beginner,Engineering
1638,online,2011,251,82,77,None,Science
1639,online,2017,251,63.05,68,None,Science
1640,online,2011,240,12.8,71,Beginner,Science
1641,classroom,2016,181,94.83,79,None,Mathematics
1642,online,2013,261,-,86,None,Technology
1643,online,2013,246,48.34,78,Beginner,Mathematics
1644,classroom,2017,155,65.61,79,Intermediate,Science
1645,online,2022,256,43.91,64,None,Math
1646,classroom,2016,180,15.75,66,None,Mathematics
1647,online,2020,261,94.2,85,None,Technology
1648,classroom,2017,180,11.96,66,Beginner,Engineering
1649,online,2011,256,67.67,77,None,Mathematics
1650,online,2021,251,10.85,68,None,Science
1651,classroom,2022,155,-,79,Intermediate,Science
1652,classroom,2013,170,86.49,77,Intermediate,Engineering
1653,classroom,2016,155,70.08,75,Intermediate,Science
1654,online,2021,256,-,94,None,Mathematics
1655,classroom,2018,155,45.92,82,Intermediate,Science
1656,online,2019,261,19.94,62,None,Technology
1657,online,2013,231,68.9,74,Intermediate,Science
1658,classroom,2014,180,85.6,NA,None,Math
1659,online,2021,241,35.49,74,Beginner,Science
1660,classroom,2014,165,37.69,59,Beginner,Science
1661,online,2021,261,40.31,66,None,Technology
1662,online,2019,251,76.68,73,None,Science
1663,online,2018,261,52.46,82,None,Technology
1664,online,2016,261,40.24,NA,None,Technology
1665,classroom,2017,160,41.83,NA,Intermediate,Mathematics
1666,online,2021,261,58.15,70,None,Technology
1667,online,2020,256,9.63,59,None,Mathematics
1668,online,2016,236,22.02,61,Intermediate,Mathematics
1669,online,2017,256,22.85,65,NA,Math
1670,online,2012,241,11.03,NA,Intermediate,Technology
1671,online,2020,261,-,NA,None,Technology
1672,online,2016,251,3.48,83,Beginner,Technology
1673,online,2022,261,96.89,NA,None,Technology
1674,online,2015,251,89.22,79,Beginner,Technology
1675,online,2012,246,36.81,80,Beginner,Math
1676,online,2017,261,87.23,80,None,Technology
1677,online,2011,261,83.11,98,None,Technology
1678,online,2015,256,87.25,78,Beginner,Engineering
1679,online,2011,257,99.6,88,None,Math
1680,classroom,2013,180,25.04,82,Beginner,Engineering
1681,online,2015,261,34.15,73,NA,Technology
1682,online,2022,231,37.36,77,Intermediate,Science
1683,online,2017,261,92.96,NA,None,Technology
1684,classroom,2019,170,95.78,77,Beginner,Mathematics
1685,classroom,2013,165,22.7,71,Intermediate,Technology
1686,online,2011,251,47.25,68,None,Science
1687,online,2015,261,6.35,NA,None,Technology
1688,online,2022,251,18.23,73,NA,Science
1689,classroom,2014,170,70.96,73,Beginner,Math
1690,online,2014,251,54.38,84,None,Science
1691,online,2019,256,6.92,NA,None,Math
1692,online,2014,251,8.07,69,None,Science
1693,classroom,2019,180,13.73,63,None,Math
1694,online,2016,256,-,68,None,Math
1695,online,2018,251,48.77,NA,NA,Science
1696,classroom,2021,175,48.32,81,None,Science
1697,classroom,2021,181,80.92,77,NA,Mathematics
1698,online,2016,246,60.37,70,Beginner,Math
1699,online,2016,251,16.58,83,Beginner,Technology
1700,online,2012,261,58.48,77,None,Technology
1701,online,2021,247,64.22,60,Beginner,Math
1702,online,2016,261,-,NA,None,Technology
1703,online,2018,252,58.77,78,None,Science
1704,online,2019,261,88.71,NA,None,Technology
1705,classroom,2013,185,6.75,72,None,Technology
1706,classroom,2017,170,62.61,66,Intermediate,Engineering
1707,online,2020,256,12.15,71,None,Mathematics
1708,online,2012,261,26.78,75,NA,Technology
1709,classroom,2016,155,16.96,75,Intermediate,Science
1710,online,2020,257,8.35,66,None,Mathematics
1711,online,2013,256,13.78,77,None,Mathematics
1712,classroom,2016,175,-,75,None,Science
1713,online,2013,261,-,80,None,Technology
1714,online,2018,251,88.64,78,Beginner,Technology
1715,online,2013,261,83.28,80,None,Technology
1716,online,2018,261,58.56,69,None,Technology
1717,classroom,2018,166,70.07,NA,Beginner,Science
1718,online,2018,251,11.28,68,None,Science
1719,classroom,2015,165,85.13,80,Beginner,Science
1720,online,2011,231,51.39,66,Intermediate,Science
1721,online,2020,256,69.6,77,None,Mathematics
1722,online,2021,257,33.57,82,None,Math
1723,classroom,2022,164,63.77,78,Beginner,Science
1724,online,2013,246,94.84,76,Beginner,Math
1725,classroom,2020,155,59.42,66,Intermediate,Science
1726,online,2014,242,22.01,60,Beginner,Science
1727,online,2018,241,6.74,64,Intermediate,Technology
1728,classroom,2018,180,9.56,66,Beginner,Engineering
1729,online,2017,251,18.01,55,Beginner,Technology
1730,online,2014,256,9.47,NA,NA,Mathematics
1731,online,2012,256,14,69,Beginner,Engineering
1732,classroom,2021,180,82.96,77,Beginner,Engineering
1733,online,2018,247,53.84,85,Beginner,Math
1734,online,2020,261,26.21,76,NA,Technology
1735,classroom,2016,185,98.83,78,None,Technology
1736,online,2020,262,7.02,71,None,Technology
1737,classroom,2021,165,-,83,Beginner,Science
1738,classroom,2018,170,20.73,73,Intermediate,Engineering
1739,online,2021,261,62.51,74,None,Technology
1740,online,2012,261,60.58,74,None,Technology
1741,online,2014,261,70.84,81,None,Technology
1742,online,2017,261,85.51,78,None,Technology
1743,online,2012,251,82.66,NA,Beginner,Technology
1744,online,2020,256,20.45,59,None,Mathematics
1745,online,2015,241,85.21,NA,Beginner,Science
1746,classroom,2020,160,4.07,68,Intermediate,Mathematics
1747,online,2011,251,43.05,NA,None,Science
1748,online,2013,256,17.86,83,None,Mathematics
1749,online,2014,251,21.94,NA,None,Science
1750,online,2022,251,28.91,68,Beginner,Technology
1751,online,2018,257,55.81,NA,None,Mathematics
1752,classroom,2013,165,66.67,68,Intermediate,Technology
1753,online,2022,261,10.29,69,None,Technology
1754,online,2021,251,70.28,76,Beginner,Technology
1755,classroom,2014,155,9.01,70,Intermediate,Science
1756,online,2016,261,30.91,83,None,Technology
1757,online,2013,255,-,79,None,Mathematics
1758,classroom,2013,169,74.26,69,Beginner,Math
1759,online,2022,261,71.52,79,None,Technology
1760,online,2016,246,8.9,72,Beginner,Math
1761,online,2017,246,28.1,66,Beginner,Math
1762,online,2012,257,42.66,89,None,Mathematics
1763,online,2018,251,16.78,61,Beginner,Technology
1764,online,2016,242,22.6,75,Beginner,Science
1765,online,2014,247,80.19,74,Beginner,Mathematics
1766,online,2021,236,31.28,61,Intermediate,Mathematics
1767,online,2021,241,65.22,76,Beginner,Science
1768,classroom,2015,180,41.17,77,NA,Mathematics
1769,classroom,2022,180,-,NA,Beginner,Engineering
1770,online,2018,256,92.55,85,None,Math
1771,classroom,2013,175,30.7,60,Beginner,Technology
1772,online,2011,261,-,79,None,Technology
1773,online,2012,246,34.3,69,Beginner,Mathematics
1774,online,2012,246,2.05,63,Beginner,Mathematics
1775,online,2021,261,19.95,64,None,Technology
1776,online,2011,231,25.64,61,Intermediate,Science
1777,online,2011,256,34.4,78,None,Mathematics
1778,classroom,2018,175,60.75,76,None,Science
1779,online,2011,251,26.34,84,None,Science
1780,classroom,2021,190,51.51,79,None,Engineering
1781,online,2014,241,69.56,84,Beginner,Science
1782,online,2018,251,26.31,70,Beginner,Technology
1783,online,2020,261,58.28,70,None,Technology
1784,classroom,2022,170,3.71,70,Beginner,Mathematics
1785,classroom,2022,170,19.18,75,Intermediate,Engineering
1786,online,2012,232,8.84,71,Intermediate,Science
1787,online,2018,261,53.6,84,None,Technology
1788,online,2016,236,76.19,74,Intermediate,Mathematics
1789,online,2011,251,22.45,NA,Beginner,Technology
1790,online,2015,251,78.1,85,None,Science
1791,online,2016,241,56.23,70,Beginner,Science
1792,online,2012,251,39.12,77,None,Science
1793,online,2012,261,40.38,67,None,Technology
1794,classroom,2022,165,31.62,78,Beginner,Science
1795,online,2022,251,14.42,74,None,Science
1796,online,2014,246,79.54,NA,Beginner,Mathematics
1797,online,2016,251,20.22,64,None,Science
1798,online,2019,261,60.51,74,None,Technology
1799,online,2018,251,57.4,68,Beginner,Technology
1800,online,2022,261,43.5,NA,None,Technology
1801,online,2015,251,89.43,78,Beginner,Technology
1802,online,2012,256,99.6,NA,None,Mathematics
1803,classroom,2018,170,14.78,63,Beginner,Mathematics
1804,classroom,2011,170,72.14,84,Beginner,Math
1805,online,2020,257,57.55,78,None,Math
1806,classroom,2011,180,64,92,Beginner,Engineering
1807,classroom,2012,175,95.45,90,None,Science
1808,online,2019,251,-,62,Beginner,Technology
1809,online,2021,251,31.63,57,None,Science
1810,classroom,2022,160,21.23,80,Intermediate,Mathematics
1811,online,2022,237,62.17,96,Intermediate,Mathematics
1812,online,2022,231,-,71,Intermediate,Science
1813,online,2013,241,76.13,NA,Beginner,Science
1814,online,2015,261,77.26,78,None,Technology
1815,classroom,2011,155,66.6,69,Intermediate,Science
1816,classroom,2019,165,43.23,77,Intermediate,Technology
1817,classroom,2014,160,58.81,86,Intermediate,Mathematics
1818,classroom,2021,170,71.11,89,Intermediate,Engineering
1819,online,2020,261,18.02,61,None,Technology
1820,online,2018,261,68.47,77,NA,Technology
1821,online,2011,246,15.55,65,Beginner,Mathematics
1822,online,2013,256,34.12,79,None,Mathematics
1823,classroom,2013,170,75.64,NA,Intermediate,Engineering
1824,online,2017,231,27.61,63,Intermediate,Science
1825,online,2014,248,15.33,71,Beginner,Math
1826,online,2017,241,50.73,67,Beginner,Science
1827,online,2012,261,92.21,83,None,Technology
1828,online,2015,261,51.1,81,None,Technology
1829,online,2021,261,45.44,66,None,Technology
1830,classroom,2020,161,5.22,72,Intermediate,Math
1831,classroom,2017,175,32.27,77,Beginner,Technology
1832,online,2011,251,30.55,72,Beginner,Technology
1833,online,2018,241,60.9,80,Beginner,Science
1834,online,2012,246,6.65,67,Beginner,Mathematics
1835,online,2016,261,95.89,83,None,Technology
1836,online,2022,245,75.93,76,Beginner,Math
1837,online,2012,251,3.37,63,None,Science
1838,classroom,2015,155,30.55,75,Intermediate,Science
1839,online,2021,261,31.61,73,None,Technology
1840,online,2022,256,97.68,95,None,Math
1841,online,2011,241,91.41,79,Intermediate,Technology
1842,online,2021,236,17.35,75,Intermediate,Mathematics
1843,online,2016,257,87.68,89,None,Math
1844,online,2021,231,58.12,80,Intermediate,Science
1845,online,2012,261,-,78,None,Technology
1846,classroom,2018,155,60.01,81,Intermediate,Science
1847,online,2016,261,94.27,85,None,Technology
1848,online,2011,257,76,81,None,Mathematics
1849,online,2013,256,20.67,66,None,Math
1850,online,2017,256,17.57,72,None,Math
